game_id,pk_team_events,matched_events,ambiguous_events,coverage_pct
2022020006,41,0,0,0.0
2022020023,40,0,0,0.0
2022020039,37,0,0,0.0
2022020048,63,0,0,0.0
2022020049,46,0,0,0.0
2022020057,14,0,0,0.0
2022020064,46,0,0,0.0
2022020070,33,0,0,0.0
2022020077,18,0,0,0.0
2022020078,30,0,0,0.0
2022020079,47,0,0,0.0
2022020080,84,0,0,0.0
2022020084,33,0,0,0.0
2022020087,55,0,0,0.0
2022020089,36,0,0,0.0
2022020128,72,0,0,0.0
2022020135,39,0,0,0.0
2022020141,31,0,0,0.0
2022020143,41,0,0,0.0
2022020167,25,0,0,0.0
2022020168,17,0,0,0.0
2022020172,45,0,0,0.0
2022020173,41,0,0,0.0
2022020179,42,0,0,0.0
2022020180,39,0,0,0.0
2022020185,14,0,0,0.0
2022020189,66,0,0,0.0
2022020191,32,0,0,0.0
2022020195,39,0,0,0.0
2022020201,40,0,0,0.0
2022020203,67,0,0,0.0
2022020204,16,0,0,0.0
2022020250,14,0,0,0.0
2022020259,32,0,0,0.0
2022020264,48,0,0,0.0
2022020270,78,0,0,0.0
2022020277,34,0,0,0.0
2022020285,58,0,0,0.0
2022020288,55,0,0,0.0
2022020289,46,0,0,0.0
2022020290,54,0,0,0.0
2022020293,37,0,0,0.0
2022020295,25,0,0,0.0
2022020298,64,0,0,0.0
2022020302,3,0,0,0.0
2022020320,44,0,0,0.0
2022020322,63,0,0,0.0
2022020328,31,0,0,0.0
2022020338,63,0,0,0.0
2022020341,31,0,0,0.0
2022020348,36,0,0,0.0
2022020352,34,0,0,0.0
2022020356,12,0,0,0.0
2022020358,76,0,0,0.0
2022020374,44,0,0,0.0
2022020375,58,0,0,0.0
2022020386,30,0,0,0.0
2022020398,46,0,0,0.0
2022020400,58,0,0,0.0
2022020402,19,0,0,0.0
2022020404,71,0,0,0.0
2022020407,32,0,0,0.0
2022020408,61,0,0,0.0
2022020429,72,0,0,0.0
2022020432,8,0,0,0.0
2022020435,55,0,0,0.0
2022020454,35,0,0,0.0
2022020460,31,0,0,0.0
2022020464,41,0,0,0.0
2022020468,61,0,0,0.0
2022020476,44,0,0,0.0
2022020479,47,0,0,0.0
2022020484,81,0,0,0.0
2022020491,33,0,0,0.0
2022020494,24,0,0,0.0
2022020500,36,0,0,0.0
2022020502,14,0,0,0.0
2022020506,22,0,0,0.0
2022020507,59,0,0,0.0
2022020510,16,0,0,0.0
2022020513,29,0,0,0.0
2022020514,18,0,0,0.0
2022020520,21,0,0,0.0
2022020522,35,0,0,0.0
2022020523,51,0,0,0.0
2022020524,58,0,0,0.0
2022020531,35,0,0,0.0
2022020541,54,0,0,0.0
2022020558,45,0,0,0.0
2022020561,55,0,0,0.0
2022020566,23,0,0,0.0
2022020571,39,0,0,0.0
2022020574,8,0,0,0.0
2022020579,25,0,0,0.0
2022020580,24,0,0,0.0
2022020587,57,0,0,0.0
2022020592,25,0,0,0.0
2022020594,44,0,0,0.0
2022020596,61,0,0,0.0
2022020598,44,0,0,0.0
2022020605,62,0,0,0.0
2022020607,40,0,0,0.0
2022020611,55,0,0,0.0
2022020612,15,0,0,0.0
2022020617,19,0,0,0.0
2022020625,20,0,0,0.0
2022020626,25,0,0,0.0
2022020633,53,0,0,0.0
2022020635,47,0,0,0.0
2022020655,14,0,0,0.0
2022020659,38,0,0,0.0
2022020672,48,0,0,0.0
2022020685,34,0,0,0.0
2022020691,36,0,0,0.0
2022020692,28,0,0,0.0
2022020704,31,0,0,0.0
2022020709,19,0,0,0.0
2022020710,29,0,0,0.0
2022020711,52,0,0,0.0
2022020714,36,0,0,0.0
2022020716,44,0,0,0.0
2022020719,35,0,0,0.0
2022020727,15,0,0,0.0
2022020728,25,0,0,0.0
2022020735,63,0,0,0.0
2022020747,16,0,0,0.0
2022020750,42,0,0,0.0
2022020753,31,0,0,0.0
2022020759,34,0,0,0.0
2022020760,22,0,0,0.0
2022020764,29,0,0,0.0
2022020768,18,0,0,0.0
2022020773,46,0,0,0.0
2022020775,60,0,0,0.0
2022020776,30,0,0,0.0
2022020779,38,0,0,0.0
2022020783,47,0,0,0.0
2022020785,39,0,0,0.0
2022020790,32,0,0,0.0
2022020795,30,0,0,0.0
2022020798,54,0,0,0.0
2022020800,39,0,0,0.0
2022020804,19,0,0,0.0
2022020813,41,0,0,0.0
2022020820,43,0,0,0.0
2022020822,23,0,0,0.0
2022020827,17,0,0,0.0
2022020835,33,0,0,0.0
2022020841,25,0,0,0.0
2022020848,29,0,0,0.0
2022020856,50,0,0,0.0
2022020866,36,0,0,0.0
2022020882,56,0,0,0.0
2022020887,26,0,0,0.0
2022020889,59,0,0,0.0
2022020890,30,0,0,0.0
2022020893,29,0,0,0.0
2022020894,39,0,0,0.0
2022020901,41,0,0,0.0
2022020904,61,0,0,0.0
2022020912,19,0,0,0.0
2022020915,30,0,0,0.0
2022020918,36,0,0,0.0
2022020920,71,0,0,0.0
2022020924,27,0,0,0.0
2022020940,30,0,0,0.0
2022020942,47,0,0,0.0
2022020946,43,0,0,0.0
2022020956,18,0,0,0.0
2022020962,16,0,0,0.0
2022020971,30,0,0,0.0
2022020972,14,0,0,0.0
2022020973,40,0,0,0.0
2022020976,85,0,0,0.0
2022020990,33,0,0,0.0
2022021001,61,0,0,0.0
2022021012,28,0,0,0.0
2022021016,49,0,0,0.0
2022021024,14,0,0,0.0
2022021034,92,0,0,0.0
2022021035,65,0,0,0.0
2022021037,18,0,0,0.0
2022021044,8,0,0,0.0
2022021052,26,0,0,0.0
2022021056,29,0,0,0.0
2022021058,35,0,0,0.0
2022021068,23,0,0,0.0
2022021070,52,0,0,0.0
2022021072,33,0,0,0.0
2022021081,43,0,0,0.0
2022021082,25,0,0,0.0
2022021087,36,0,0,0.0
2022021095,49,0,0,0.0
2022021099,56,0,0,0.0
2022021117,19,0,0,0.0
2022021127,16,0,0,0.0
2022021129,32,0,0,0.0
2022021130,48,0,0,0.0
2022021144,38,0,0,0.0
2022021149,33,0,0,0.0
2022021166,35,0,0,0.0
2022021171,46,0,0,0.0
2022021177,24,0,0,0.0
2022021181,23,0,0,0.0
2022021187,4,0,0,0.0
2022021194,19,0,0,0.0
2022021196,44,0,0,0.0
2022021198,22,0,0,0.0
2022021200,22,0,0,0.0
2022021201,36,0,0,0.0
2022021206,30,0,0,0.0
2022021220,18,0,0,0.0
2022021236,25,0,0,0.0
2022021242,20,0,0,0.0
2022021243,58,0,0,0.0
2022021247,87,0,0,0.0
2022021250,18,0,0,0.0
2022021251,10,0,0,0.0
2022021255,48,0,0,0.0
2022021256,9,0,0,0.0
2022021257,41,0,0,0.0
2022021272,49,0,0,0.0
2022021273,52,0,0,0.0
2022021281,40,0,0,0.0
2022021285,51,0,0,0.0
2022021288,24,0,0,0.0
2022021293,27,0,0,0.0
2022021301,21,0,0,0.0
2022021305,27,0,0,0.0
2022021307,42,0,0,0.0
2022021310,64,0,0,0.0
2023020005,64,0,0,0.0
2023020010,60,0,0,0.0
2023020022,50,0,0,0.0
2023020032,76,0,0,0.0
2023020034,48,0,0,0.0
2023020045,70,0,0,0.0
2023020056,40,0,0,0.0
2023020062,54,0,0,0.0
2023020064,33,0,0,0.0
2023020081,75,0,0,0.0
2023020098,25,0,0,0.0
2023020104,28,0,0,0.0
2023020108,57,0,0,0.0
2023020111,29,0,0,0.0
2023020136,49,0,0,0.0
2023020141,41,0,0,0.0
2023020142,86,0,0,0.0
2023020144,52,0,0,0.0
2023020148,57,0,0,0.0
2023020164,26,0,0,0.0
2023020169,59,0,0,0.0
2023020175,36,0,0,0.0
2023020195,61,0,0,0.0
2023020203,63,0,0,0.0
2023020204,98,0,0,0.0
2023020206,58,0,0,0.0
2023020220,26,0,0,0.0
2023020222,47,0,0,0.0
2023020228,51,0,0,0.0
2023020229,52,0,0,0.0
2023020233,39,0,0,0.0
2023020235,14,0,0,0.0
2023020238,35,0,0,0.0
2023020239,65,0,0,0.0
2023020245,23,0,0,0.0
2023020246,32,0,0,0.0
2023020261,40,0,0,0.0
2023020280,39,0,0,0.0
2023020311,66,0,0,0.0
2023020314,49,0,0,0.0
2023020318,31,0,0,0.0
2023020339,39,0,0,0.0
2023020345,26,0,0,0.0
2023020349,32,0,0,0.0
2023020351,19,0,0,0.0
2023020365,56,0,0,0.0
2023020368,36,0,0,0.0
2023020372,20,0,0,0.0
2023020375,13,0,0,0.0
2023020392,56,0,0,0.0
2023020400,24,0,0,0.0
2023020401,34,0,0,0.0
2023020402,42,0,0,0.0
2023020403,39,0,0,0.0
2023020428,22,0,0,0.0
2023020429,28,0,0,0.0
2023020438,43,0,0,0.0
2023020458,43,0,0,0.0
2023020460,37,0,0,0.0
2023020475,45,0,0,0.0
2023020491,46,0,0,0.0
2023020499,30,0,0,0.0
2023020501,16,0,0,0.0
2023020506,72,0,0,0.0
2023020510,30,0,0,0.0
2023020522,50,0,0,0.0
2023020525,22,0,0,0.0
2023020529,32,0,0,0.0
2023020531,63,0,0,0.0
2023020539,60,0,0,0.0
2023020545,21,0,0,0.0
2023020546,18,0,0,0.0
2023020548,49,0,0,0.0
2023020556,14,0,0,0.0
2023020557,22,0,0,0.0
2023020562,40,0,0,0.0
2023020568,27,0,0,0.0
2023020573,44,0,0,0.0
2023020574,21,0,0,0.0
2023020578,44,0,0,0.0
2023020584,10,0,0,0.0
2023020587,31,0,0,0.0
2023020595,58,0,0,0.0
2023020597,25,0,0,0.0
2023020608,17,0,0,0.0
2023020612,67,0,0,0.0
2023020613,16,0,0,0.0
2023020616,26,0,0,0.0
2023020621,24,0,0,0.0
2023020626,22,0,0,0.0
2023020645,13,0,0,0.0
2023020652,37,0,0,0.0
2023020657,45,0,0,0.0
2023020659,49,0,0,0.0
2023020663,43,0,0,0.0
2023020679,27,0,0,0.0
2023020689,40,0,0,0.0
2023020700,59,0,0,0.0
2023020702,10,0,0,0.0
2023020703,59,0,0,0.0
2023020705,18,0,0,0.0
2023020708,90,0,0,0.0
2023020714,40,0,0,0.0
2023020721,30,0,0,0.0
2023020723,32,0,0,0.0
2023020732,39,0,0,0.0
2023020735,36,0,0,0.0
2023020736,49,0,0,0.0
2023020740,53,0,0,0.0
2023020744,40,0,0,0.0
2023020750,38,0,0,0.0
2023020751,23,0,0,0.0
2023020752,52,0,0,0.0
2023020754,17,0,0,0.0
2023020755,59,0,0,0.0
2023020769,38,0,0,0.0
2023020804,36,0,0,0.0
2023020814,34,0,0,0.0
2023020833,19,0,0,0.0
2023020835,35,0,0,0.0
2023020845,24,0,0,0.0
2023020846,48,0,0,0.0
2023020849,37,0,0,0.0
2023020862,23,0,0,0.0
2023020866,16,0,0,0.0
2023020874,53,0,0,0.0
2023020875,33,0,0,0.0
2023020885,28,0,0,0.0
2023020897,46,0,0,0.0
2023020906,55,0,0,0.0
2023020910,24,0,0,0.0
2023020918,23,0,0,0.0
2023020920,3,0,0,0.0
2023020921,24,0,0,0.0
2023020923,28,0,0,0.0
2023020936,23,0,0,0.0
2023020938,39,0,0,0.0
2023020943,38,0,0,0.0
2023020946,22,0,0,0.0
2023020947,39,0,0,0.0
2023020949,11,0,0,0.0
2023020960,14,0,0,0.0
2023020966,56,0,0,0.0
2023020973,29,0,0,0.0
2023020975,33,0,0,0.0
2023020984,6,0,0,0.0
2023020986,37,0,0,0.0
2023020990,29,0,0,0.0
2023020994,77,0,0,0.0
2023020995,24,0,0,0.0
2023021009,28,0,0,0.0
2023021014,36,0,0,0.0
2023021018,44,0,0,0.0
2023021032,48,0,0,0.0
2023021042,45,0,0,0.0
2023021044,43,0,0,0.0
2023021053,24,0,0,0.0
2023021054,34,0,0,0.0
2023021060,42,0,0,0.0
2023021062,44,0,0,0.0
2023021066,31,0,0,0.0
2023021068,12,0,0,0.0
2023021069,9,0,0,0.0
2023021072,24,0,0,0.0
2023021073,29,0,0,0.0
2023021076,42,0,0,0.0
2023021087,17,0,0,0.0
2023021096,31,0,0,0.0
2023021108,39,0,0,0.0
2023021111,22,0,0,0.0
2023021123,13,0,0,0.0
2023021129,54,0,0,0.0
2023021131,37,0,0,0.0
2023021132,39,0,0,0.0
2023021135,47,0,0,0.0
2023021149,24,0,0,0.0
2023021156,35,0,0,0.0
2023021164,27,0,0,0.0
2023021165,46,0,0,0.0
2023021169,77,0,0,0.0
2023021173,32,0,0,0.0
2023021174,10,0,0,0.0
2023021179,45,0,0,0.0
2023021182,46,0,0,0.0
2023021183,69,0,0,0.0
2023021187,17,0,0,0.0
2023021198,49,0,0,0.0
2023021202,43,0,0,0.0
2023021211,50,0,0,0.0
2023021223,26,0,0,0.0
2023021225,51,0,0,0.0
2023021230,28,0,0,0.0
2023021233,31,0,0,0.0
2023021235,27,0,0,0.0
2023021250,21,0,0,0.0
2023021255,26,0,0,0.0
2023021262,29,0,0,0.0
2023021268,44,0,0,0.0
2023021270,62,0,0,0.0
2023021285,36,0,0,0.0
2023021287,19,0,0,0.0
2023021288,27,0,0,0.0
2023021293,12,0,0,0.0
2023021298,34,0,0,0.0
2023021299,28,0,0,0.0
2023021300,29,0,0,0.0
2023021301,19,0,0,0.0
2023021305,37,0,0,0.0
2023021311,31,0,0,0.0
2024020003,29,0,0,0.0
2024020025,47,0,0,0.0
2024020040,41,0,0,0.0
2024020047,47,0,0,0.0
2024020049,62,0,0,0.0
2024020055,47,0,0,0.0
2024020067,52,0,0,0.0
2024020076,46,0,0,0.0
2024020090,44,0,0,0.0
2024020093,10,0,0,0.0
2024020099,47,0,0,0.0
2024020100,47,0,0,0.0
2024020106,37,0,0,0.0
2024020110,54,0,0,0.0
2024020112,37,0,0,0.0
2024020113,56,0,0,0.0
2024020127,24,0,0,0.0
2024020133,41,0,0,0.0
2024020137,24,0,0,0.0
2024020139,20,0,0,0.0
2024020155,27,0,0,0.0
2024020167,23,0,0,0.0
2024020176,46,0,0,0.0
2024020179,52,0,0,0.0
2024020183,6,0,0,0.0
2024020192,38,0,0,0.0
2024020193,20,0,0,0.0
2024020197,39,0,0,0.0
2024020199,29,0,0,0.0
2024020204,54,0,0,0.0
2024020207,21,0,0,0.0
2024020209,37,0,0,0.0
2024020215,43,0,0,0.0
2024020217,38,0,0,0.0
2024020223,39,0,0,0.0
2024020225,33,0,0,0.0
2024020231,20,0,0,0.0
2024020241,42,0,0,0.0
2024020246,47,0,0,0.0
2024020247,50,0,0,0.0
2024020253,19,0,0,0.0
2024020257,25,0,0,0.0
2024020261,38,0,0,0.0
2024020266,25,0,0,0.0
2024020268,46,0,0,0.0
2024020277,36,0,0,0.0
2024020281,36,0,0,0.0
2024020282,20,0,0,0.0
2024020283,30,0,0,0.0
2024020284,26,0,0,0.0
2024020286,42,0,0,0.0
2024020287,30,0,0,0.0
2024020289,49,0,0,0.0
2024020291,33,0,0,0.0
2024020301,44,0,0,0.0
2024020320,25,0,0,0.0
2024020321,32,0,0,0.0
2024020322,25,0,0,0.0
2024020324,59,0,0,0.0
2024020334,27,0,0,0.0
2024020346,54,0,0,0.0
2024020353,18,0,0,0.0
2024020362,16,0,0,0.0
2024020382,33,0,0,0.0
2024020385,45,0,0,0.0
2024020394,40,0,0,0.0
2024020405,19,0,0,0.0
2024020406,37,0,0,0.0
2024020415,56,0,0,0.0
2024020431,35,0,0,0.0
2024020436,29,0,0,0.0
2024020443,42,0,0,0.0
2024020444,40,0,0,0.0
2024020451,38,0,0,0.0
2024020452,49,0,0,0.0
2024020461,32,0,0,0.0
2024020466,16,0,0,0.0
2024020480,35,0,0,0.0
2024020493,10,0,0,0.0
2024020494,55,0,0,0.0
2024020508,60,0,0,0.0
2024020510,47,0,0,0.0
2024020530,21,0,0,0.0
2024020532,11,0,0,0.0
2024020534,30,0,0,0.0
2024020535,28,0,0,0.0
2024020543,42,0,0,0.0
2024020551,23,0,0,0.0
2024020554,16,0,0,0.0
2024020560,25,0,0,0.0
2024020563,28,0,0,0.0
2024020566,20,0,0,0.0
2024020573,54,0,0,0.0
2024020580,38,0,0,0.0
2024020585,18,0,0,0.0
2024020589,63,0,0,0.0
2024020591,16,0,0,0.0
2024020592,46,0,0,0.0
2024020595,20,0,0,0.0
2024020597,24,0,0,0.0
2024020609,17,0,0,0.0
2024020619,47,0,0,0.0
2024020623,33,0,0,0.0
2024020628,6,0,0,0.0
2024020629,31,0,0,0.0
2024020632,5,0,0,0.0
2024020633,4,0,0,0.0
2024020635,33,0,0,0.0
2024020636,17,0,0,0.0
2024020637,38,0,0,0.0
2024020643,24,0,0,0.0
2024020645,15,0,0,0.0
2024020649,29,0,0,0.0
2024020651,30,0,0,0.0
2024020658,46,0,0,0.0
2024020660,43,0,0,0.0
2024020664,28,0,0,0.0
2024020670,67,0,0,0.0
2024020672,18,0,0,0.0
2024020675,28,0,0,0.0
2024020676,23,0,0,0.0
2024020682,24,0,0,0.0
2024020684,37,0,0,0.0
2024020691,30,0,0,0.0
2024020697,13,0,0,0.0
2024020699,24,0,0,0.0
2024020720,58,0,0,0.0
2024020728,25,0,0,0.0
2024020742,50,0,0,0.0
2024020744,26,0,0,0.0
2024020748,20,0,0,0.0
2024020750,32,0,0,0.0
2024020751,4,0,0,0.0
2024020753,50,0,0,0.0
2024020755,31,0,0,0.0
2024020757,24,0,0,0.0
2024020763,28,0,0,0.0
2024020764,26,0,0,0.0
2024020766,40,0,0,0.0
2024020773,28,0,0,0.0
2024020776,19,0,0,0.0
2024020777,55,0,0,0.0
2024020789,32,0,0,0.0
2024020803,27,0,0,0.0
2024020811,11,0,0,0.0
2024020813,28,0,0,0.0
2024020822,56,0,0,0.0
2024020827,46,0,0,0.0
2024020834,34,0,0,0.0
2024020836,40,0,0,0.0
2024020837,57,0,0,0.0
2024020839,21,0,0,0.0
2024020842,10,0,0,0.0
2024020847,49,0,0,0.0
2024020849,48,0,0,0.0
2024020855,60,0,0,0.0
2024020861,42,0,0,0.0
2024020875,11,0,0,0.0
2024020876,35,0,0,0.0
2024020877,21,0,0,0.0
2024020881,34,0,0,0.0
2024020882,2,0,0,0.0
2024020885,44,0,0,0.0
2024020888,39,0,0,0.0
2024020889,24,0,0,0.0
2024020895,44,0,0,0.0
2024020898,14,0,0,0.0
2024020902,35,0,0,0.0
2024020908,47,0,0,0.0
2024020909,20,0,0,0.0
2024020910,18,0,0,0.0
2024020916,34,0,0,0.0
2024020925,19,0,0,0.0
2024020934,23,0,0,0.0
2024020935,43,0,0,0.0
2024020938,24,0,0,0.0
2024020941,64,0,0,0.0
2024020945,68,0,0,0.0
2024020948,15,0,0,0.0
2024020964,49,0,0,0.0
2024020965,48,0,0,0.0
2024020966,31,0,0,0.0
2024020971,62,0,0,0.0
2024020976,55,0,0,0.0
2024020981,19,0,0,0.0
2024020984,13,0,0,0.0
2024020998,19,0,0,0.0
2024021001,15,0,0,0.0
2024021006,25,0,0,0.0
2024021011,22,0,0,0.0
2024021013,12,0,0,0.0
2024021016,47,0,0,0.0
2024021017,44,0,0,0.0
2024021018,30,0,0,0.0
2024021020,78,0,0,0.0
2024021021,47,0,0,0.0
2024021023,42,0,0,0.0
2024021027,31,0,0,0.0
2024021029,41,0,0,0.0
2024021039,23,0,0,0.0
2024021044,27,0,0,0.0
2024021051,9,0,0,0.0
2024021053,35,0,0,0.0
2024021056,80,0,0,0.0
2024021058,39,0,0,0.0
2024021059,33,0,0,0.0
2024021062,29,0,0,0.0
2024021065,26,0,0,0.0
2024021066,17,0,0,0.0
2024021067,41,0,0,0.0
2024021084,12,0,0,0.0
2024021087,38,0,0,0.0
2024021095,12,0,0,0.0
2024021098,33,0,0,0.0
2024021101,37,0,0,0.0
2024021103,52,0,0,0.0
2024021121,55,0,0,0.0
2024021129,36,0,0,0.0
2024021130,12,0,0,0.0
2024021131,26,0,0,0.0
2024021132,52,0,0,0.0
2024021133,54,0,0,0.0
2024021137,58,0,0,0.0
2024021139,26,0,0,0.0
2024021145,17,0,0,0.0
2024021146,81,0,0,0.0
2024021148,34,0,0,0.0
2024021154,41,0,0,0.0
2024021159,23,0,0,0.0
2024021160,31,0,0,0.0
2024021173,40,0,0,0.0
2024021178,23,0,0,0.0
2024021191,19,0,0,0.0
2024021205,26,0,0,0.0
2024021207,18,0,0,0.0
2024021212,20,0,0,0.0
2024021213,41,0,0,0.0
2024021225,69,0,0,0.0
2024021232,66,0,0,0.0
2024021298,35,0,0,0.0
2024021302,30,0,0,0.0
2024021307,30,0,0,0.0
2024021310,23,0,0,0.0
2024021312,12,0,0,0.0
2022020323,103,1,0,0.97
2022020970,87,1,0,1.15
2023020066,81,1,0,1.23
2024020278,72,1,0,1.39
2024020529,68,1,0,1.47
2023020348,65,1,0,1.54
2023020389,65,1,0,1.54
2023020421,65,1,0,1.54
2022021088,64,1,0,1.56
2023021279,61,1,0,1.64
2022021167,58,1,0,1.72
2023020212,57,1,0,1.75
2023020518,55,1,0,1.82
2022020237,53,1,0,1.89
2024020108,53,1,0,1.89
2022020907,52,1,0,1.92
2023020303,51,1,0,1.96
2022020219,50,1,0,2.0
2023020566,50,1,0,2.0
2022020629,49,1,0,2.04
2022021203,49,1,0,2.04
2022021235,49,1,0,2.04
2023020792,49,1,0,2.04
2023021059,49,1,0,2.04
2022020521,48,1,0,2.08
2024021300,48,1,0,2.08
2023020024,95,2,0,2.11
2023021207,47,1,0,2.13
2023021231,47,1,0,2.13
2022020628,45,1,0,2.22
2022020919,45,1,0,2.22
2024021127,89,2,0,2.25
2022020094,44,1,0,2.27
2023020638,44,1,0,2.27
2024020460,43,1,0,2.33
2024020469,42,1,0,2.38
2024021189,42,1,0,2.38
2022020082,41,1,0,2.44
2022020321,41,1,0,2.44
2022020390,41,1,0,2.44
2023020641,41,1,0,2.44
2024020472,41,1,0,2.44
2024021089,40,1,0,2.5
2022020623,39,1,0,2.56
2023020647,77,2,0,2.6
2023020290,38,1,0,2.63
2024020117,75,2,0,2.67
2024020182,37,1,0,2.7
2022020206,72,2,0,2.78
2024020498,72,2,0,2.78
2022020157,35,1,0,2.86
2022020360,35,1,0,2.86
2022020624,70,2,0,2.86
2022021184,35,1,0,2.86
2023020893,35,1,0,2.86
2023020801,104,3,0,2.88
2022020712,103,3,0,2.91
2022020780,68,2,0,2.94
2023020394,34,1,0,2.94
2023020770,68,2,0,2.94
2024020606,34,1,0,2.94
2024021209,34,1,0,2.94
2022020853,33,1,0,3.03
2023020471,33,1,0,3.03
2023021266,33,1,0,3.03
2024020094,33,1,0,3.03
2024020942,33,1,0,3.03
2023021180,65,2,0,3.08
2024020333,65,2,0,3.08
2022020061,97,3,0,3.09
2022020564,95,3,0,3.16
2023020540,63,2,0,3.17
2023020300,31,1,0,3.23
2023020934,62,2,0,3.23
2024021119,62,2,0,3.23
2024020028,92,3,0,3.26
2023020707,61,2,0,3.28
2022020176,30,1,0,3.33
2023021023,30,1,0,3.33
2024020171,30,1,0,3.33
2024020627,59,2,0,3.39
2022020236,58,2,0,3.45
2022020431,87,3,0,3.45
2022020876,29,1,0,3.45
2022021030,58,2,0,3.45
2024020228,29,1,0,3.45
2024020671,58,2,0,3.45
2023020150,57,2,0,3.51
2024020151,57,2,0,3.51
2023020877,85,3,0,3.53
2024020224,28,1,0,3.57
2024020612,28,1,0,3.57
2024020644,55,2,0,3.64
2022020533,27,1,0,3.7
2022021067,54,2,0,3.7
2023020940,27,1,0,3.7
2024020251,27,1,0,3.7
2024020338,27,1,0,3.7
2023020079,80,3,0,3.75
2023020174,53,2,0,3.77
2023020366,53,2,0,3.77
2024021046,53,2,0,3.77
2022020072,52,2,0,3.85
2022020315,52,2,0,3.85
2022020369,26,1,0,3.85
2022020671,78,3,0,3.85
2023020272,78,3,0,3.85
2024020459,26,1,0,3.85
2024020880,78,3,0,3.85
2023021170,103,4,0,3.88
2024020202,77,3,0,3.9
2022020559,51,2,0,3.92
2023020748,102,4,0,3.92
2022020010,76,3,0,3.95
2022021238,76,3,0,3.95
2023020435,76,3,0,3.95
2022020325,75,3,0,4.0
2022020495,25,1,0,4.0
2023020386,50,2,0,4.0
2023020915,25,1,0,4.0
2023020927,50,2,0,4.0
2023021222,25,1,0,4.0
2022020525,74,3,0,4.05
2023020825,74,3,0,4.05
2024020798,74,3,0,4.05
2022020539,49,2,0,4.08
2022020774,49,2,0,4.08
2022021061,49,2,0,4.08
2023020243,49,2,0,4.08
2023020593,49,2,0,4.08
2023021290,49,2,0,4.08
2024020075,73,3,0,4.11
2022020262,72,3,0,4.17
2023020341,48,2,0,4.17
2023020343,48,2,0,4.17
2023020469,24,1,0,4.17
2023020787,48,2,0,4.17
2023021028,72,3,0,4.17
2023021035,96,4,0,4.17
2023021224,48,2,0,4.17
2023020188,71,3,0,4.23
2024020608,71,3,0,4.23
2022020742,47,2,0,4.26
2022021225,47,2,0,4.26
2023020941,47,2,0,4.26
2022020187,70,3,0,4.29
2023020354,70,3,0,4.29
2024020616,70,3,0,4.29
2022020707,46,2,0,4.35
2022020824,46,2,0,4.35
2022021119,46,2,0,4.35
2022021248,46,2,0,4.35
2023021308,46,2,0,4.35
2024020441,69,3,0,4.35
2024020610,69,3,0,4.35
2023020124,91,4,0,4.4
2022020372,68,3,0,4.41
2023020323,68,3,0,4.41
2022020017,90,4,0,4.44
2022020662,45,2,0,4.44
2023020405,90,4,0,4.44
2023020678,45,2,0,4.44
2024020004,90,4,0,4.44
2022021229,67,3,0,4.48
2023020097,67,3,0,4.48
2023020448,67,3,0,4.48
2024021198,67,3,0,4.48
2022020024,66,3,0,4.55
2022020099,66,3,0,4.55
2022020106,66,3,0,4.55
2023020077,66,3,0,4.55
2023020247,22,1,0,4.55
2023020327,44,2,0,4.55
2023020681,22,1,0,4.55
2023020713,44,2,0,4.55
2023021312,44,2,0,4.55
2024020400,44,2,0,4.55
2024020807,22,1,0,4.55
2024020978,44,2,0,4.55
2024021170,22,1,0,4.55
2024021172,66,3,0,4.55
2023020860,87,4,0,4.6
2022020310,65,3,0,4.62
2022021103,65,3,0,4.62
2023020565,65,3,0,4.62
2024020142,65,3,0,4.62
2024020144,65,3,0,4.62
2022020489,43,2,0,4.65
2022020726,43,2,0,4.65
2023020281,43,2,0,4.65
2023020485,43,2,0,4.65
2024020368,43,2,0,4.65
2024020624,43,2,0,4.65
2024021077,43,2,0,4.65
2022021020,64,3,0,4.69
2022021027,64,3,0,4.69
2023021217,64,3,0,4.69
2023021228,64,3,0,4.69
2023021273,64,3,0,4.69
2024021040,64,3,0,4.69
2022020363,42,2,0,4.76
2022020572,42,2,0,4.76
2022020675,42,2,0,4.76
2022021128,63,3,0,4.76
2023020827,42,2,0,4.76
2024020160,21,1,0,4.76
2023020390,125,6,0,4.8
2022020020,62,3,0,4.84
2022020261,62,3,0,4.84
2022020426,62,3,0,4.84
2023020180,62,3,0,4.84
2024020153,62,3,0,4.84
2022020421,41,2,0,4.88
2022021152,41,2,0,4.88
2024021096,41,2,0,4.88
2023020031,61,3,0,4.92
2023020925,61,3,0,4.92
2024020680,61,3,0,4.92
2023020712,81,4,0,4.94
2022020465,60,3,0,5.0
2022020718,60,3,0,5.0
2022021216,60,3,0,5.0
2023020201,60,3,0,5.0
2023020776,40,2,0,5.0
2023020902,40,2,0,5.0
2023021128,40,2,0,5.0
2024020159,40,2,0,5.0
2024020923,79,4,0,5.06
2022021232,59,3,0,5.08
2023020581,59,3,0,5.08
2023020656,59,3,0,5.08
2023020928,59,3,0,5.08
2023021037,59,3,0,5.08
2024020581,59,3,0,5.08
2023020018,39,2,0,5.13
2024020034,39,2,0,5.13
2022020336,58,3,0,5.17
2022020388,58,3,0,5.17
2022020695,58,3,0,5.17
2023020242,58,3,0,5.17
2023020589,58,3,0,5.17
2023021249,58,3,0,5.17
2024020095,58,3,0,5.17
2024020341,58,3,0,5.17
2024020473,58,3,0,5.17
2024020522,58,3,0,5.17
2024020874,58,3,0,5.17
2022020045,38,2,0,5.26
2022020102,19,1,0,5.26
2022020706,57,3,0,5.26
2022021079,19,1,0,5.26
2022021188,57,3,0,5.26
2023020293,57,3,0,5.26
2023020598,76,4,0,5.26
2023020719,57,3,0,5.26
2023021145,38,2,0,5.26
2023021176,57,3,0,5.26
2024020507,38,2,0,5.26
2024020705,57,3,0,5.26
2024020706,38,2,0,5.26
2024020863,38,2,0,5.26
2024021112,38,2,0,5.26
2024021165,57,3,0,5.26
2024021166,38,2,0,5.26
2024021293,19,1,0,5.26
2023020253,75,4,0,5.33
2023021209,75,4,0,5.33
2022020066,56,3,0,5.36
2022020075,56,3,0,5.36
2022020739,56,3,0,5.36
2023020569,56,3,0,5.36
2023020624,56,3,0,5.36
2023020884,56,3,0,5.36
2023020930,56,3,0,5.36
2024020376,56,3,0,5.36
2024020603,56,3,0,5.36
2022020014,93,5,0,5.38
2022020441,37,2,0,5.41
2023021178,74,4,0,5.41
2024021057,37,2,0,5.41
2022020428,55,3,0,5.45
2022020511,55,3,0,5.45
2022020636,55,3,0,5.45
2022021005,55,3,0,5.45
2023021215,55,3,0,5.45
2024020810,55,3,0,5.45
2024021161,55,3,0,5.45
2024020254,73,4,0,5.48
2024020269,73,4,0,5.48
2022020086,54,3,0,5.56
2022020314,54,3,0,5.56
2022020344,18,1,0,5.56
2022020871,54,3,0,5.56
2022021170,72,4,0,5.56
2023020282,54,3,0,5.56
2023020332,54,3,0,5.56
2023020387,36,2,0,5.56
2023020503,54,3,0,5.56
2023020962,72,4,0,5.56
2023021001,36,2,0,5.56
2024020030,54,3,0,5.56
2024020640,18,1,0,5.56
2024020821,36,2,0,5.56
2024020989,36,2,0,5.56
2024020051,71,4,0,5.63
2024020729,71,4,0,5.63
2022020183,53,3,0,5.66
2023020571,53,3,0,5.66
2023021247,53,3,0,5.66
2024020073,53,3,0,5.66
2024020390,53,3,0,5.66
2022021018,70,4,0,5.71
2023020572,35,2,0,5.71
2023021216,35,2,0,5.71
2024020450,35,2,0,5.71
2024021104,35,2,0,5.71
2023020186,52,3,0,5.77
2023020399,52,3,0,5.77
2024020226,52,3,0,5.77
2024020487,52,3,0,5.77
2024021181,52,3,0,5.77
2022020245,69,4,0,5.8
2022021051,69,4,0,5.8
2023020813,69,4,0,5.8
2023021015,69,4,0,5.8
2024021144,69,4,0,5.8
2022020229,51,3,0,5.88
2022020330,68,4,0,5.88
2022020370,34,2,0,5.88
2022021059,68,4,0,5.88
2022021121,17,1,0,5.88
2023020257,51,3,0,5.88
2023020287,51,3,0,5.88
2023021171,51,3,0,5.88
2023021185,85,5,0,5.88
2023021294,51,3,0,5.88
2024020646,17,1,0,5.88
2024020841,51,3,0,5.88
2024020865,51,3,0,5.88
2024020927,51,3,0,5.88
2024021136,34,2,0,5.88
2023020588,101,6,0,5.94
2022020385,84,5,0,5.95
2023020107,84,5,0,5.95
2022020192,50,3,0,6.0
2022020427,50,3,0,6.0
2023020648,50,3,0,6.0
2024020063,50,3,0,6.0
2024020374,50,3,0,6.0
2024020718,50,3,0,6.0
2022020568,33,2,0,6.06
2022020811,66,4,0,6.06
2023021150,33,2,0,6.06
2023021276,66,4,0,6.06
2024020015,66,4,0,6.06
2024020022,66,4,0,6.06
2024020131,33,2,0,6.06
2024020358,33,2,0,6.06
2022020060,49,3,0,6.12
2022020309,49,3,0,6.12
2022020622,49,3,0,6.12
2023020964,49,3,0,6.12
2023021271,49,3,0,6.12
2024020140,49,3,0,6.12
2024020442,49,3,0,6.12
2024020955,49,3,0,6.12
2022020411,65,4,0,6.15
2022020861,65,4,0,6.15
2022021106,65,4,0,6.15
2024020054,65,4,0,6.15
2022020378,97,6,0,6.19
2022020447,64,4,0,6.25
2022020593,48,3,0,6.25
2022020621,16,1,0,6.25
2022021047,64,4,0,6.25
2022021280,32,2,0,6.25
2022021291,80,5,0,6.25
2023020863,48,3,0,6.25
2023020914,48,3,0,6.25
2023021034,32,2,0,6.25
2023021127,80,5,0,6.25
2024020092,64,4,0,6.25
2024020260,48,3,0,6.25
2024020432,32,2,0,6.25
2022020284,63,4,0,6.35
2023020278,63,4,0,6.35
2023020418,63,4,0,6.35
2024020001,63,4,0,6.35
2024020039,63,4,0,6.35
2024020574,63,4,0,6.35
2024020812,63,4,0,6.35
2022020838,47,3,0,6.38
2022020959,94,6,0,6.38
2023020105,47,3,0,6.38
2023020109,47,3,0,6.38
2023020225,47,3,0,6.38
2023020628,47,3,0,6.38
2023020911,47,3,0,6.38
2023021116,47,3,0,6.38
2023021244,47,3,0,6.38
2024020026,47,3,0,6.38
2024020119,47,3,0,6.38
2024020332,47,3,0,6.38
2024020702,47,3,0,6.38
2022021069,78,5,0,6.41
2022020424,93,6,0,6.45
2023020125,62,4,0,6.45
2023020697,31,2,0,6.45
2023020785,31,2,0,6.45
2023021039,62,4,0,6.45
2024020717,62,4,0,6.45
2024021075,31,2,0,6.45
2024021296,93,6,0,6.45
2022020170,46,3,0,6.52
2022020637,46,3,0,6.52
2022020663,46,3,0,6.52
2022020770,46,3,0,6.52
2023020694,46,3,0,6.52
2023021139,46,3,0,6.52
2024020369,46,3,0,6.52
2024020483,46,3,0,6.52
2024021304,46,3,0,6.52
2022020834,61,4,0,6.56
2022021221,61,4,0,6.56
2023020163,61,4,0,6.56
2023020733,61,4,0,6.56
2024020145,61,4,0,6.56
2024020579,61,4,0,6.56
2022020303,90,6,0,6.67
2022020517,45,3,0,6.67
2022020595,45,3,0,6.67
2022020969,45,3,0,6.67
2022021105,15,1,0,6.67
2022021183,60,4,0,6.67
2023020025,60,4,0,6.67
2023020264,60,4,0,6.67
2023021038,45,3,0,6.67
2023021106,45,3,0,6.67
2023021193,45,3,0,6.67
2024020236,60,4,0,6.67
2024020252,30,2,0,6.67
2024020622,45,3,0,6.67
2024020626,45,3,0,6.67
2024020851,30,2,0,6.67
2024020940,45,3,0,6.67
2024021117,45,3,0,6.67
2022020936,74,5,0,6.76
2023020436,74,5,0,6.76
2023020720,74,5,0,6.76
2024020762,59,4,0,6.78
2022020221,44,3,0,6.82
2022020927,44,3,0,6.82
2023020145,44,3,0,6.82
2024020194,44,3,0,6.82
2024020417,44,3,0,6.82
2023020726,73,5,0,6.85
2024020024,73,5,0,6.85
2024020704,73,5,0,6.85
2022020654,58,4,0,6.9
2022021269,29,2,0,6.9
2023020739,87,6,0,6.9
2023020852,58,4,0,6.9
2023021241,87,6,0,6.9
2024020570,29,2,0,6.9
2024020614,29,2,0,6.9
2024020710,58,4,0,6.9
2022020134,72,5,0,6.94
2022020403,43,3,0,6.98
2022020752,43,3,0,6.98
2023020214,43,3,0,6.98
2023021109,43,3,0,6.98
2024020041,43,3,0,6.98
2024020693,43,3,0,6.98
2024021036,43,3,0,6.98
2024021224,43,3,0,6.98
2023021067,100,7,0,7.0
2022020829,57,4,0,7.02
2022021276,114,8,0,7.02
2023020861,57,4,0,7.02
2024020337,57,4,0,7.02
2024020611,57,4,0,7.02
2022020383,71,5,0,7.04
2022020815,71,5,0,7.04
2023020200,71,5,0,7.04
2023020699,71,5,0,7.04
2022020145,84,6,0,7.14
2022020643,56,4,0,7.14
2022021175,42,3,0,7.14
2023020013,42,3,0,7.14
2023020541,42,3,0,7.14
2023020715,56,4,0,7.14
2023020939,28,2,0,7.14
2023020974,42,3,0,7.14
2023021041,42,3,0,7.14
2023021045,56,4,0,7.14
2023021189,28,2,0,7.14
2024020468,28,2,0,7.14
2024020700,42,3,0,7.14
2024020830,28,2,0,7.14
2024021045,42,3,0,7.14
2024021111,42,3,0,7.14
2024021163,14,1,0,7.14
2023020009,69,5,0,7.25
2022020235,55,4,0,7.27
2023020643,55,4,0,7.27
2024020730,55,4,0,7.27
2022020391,41,3,0,7.32
2022020761,41,3,0,7.32
2022020831,41,3,0,7.32
2022021185,41,3,0,7.32
2023020385,41,3,0,7.32
2023020538,41,3,0,7.32
2023020858,41,3,0,7.32
2023020867,41,3,0,7.32
2024020596,82,6,0,7.32
2024020817,41,3,0,7.32
2022020152,68,5,0,7.35
2023020251,68,5,0,7.35
2023020823,68,5,0,7.35
2022020104,54,4,0,7.41
2022020119,27,2,0,7.41
2022020272,54,4,0,7.41
2022020665,54,4,0,7.41
2022021145,54,4,0,7.41
2023020192,54,4,0,7.41
2023020329,81,6,0,7.41
2023020582,54,4,0,7.41
2023020605,81,6,0,7.41
2023020759,54,4,0,7.41
2023020971,27,2,0,7.41
2023021107,54,4,0,7.41
2023021136,54,4,0,7.41
2023021296,54,4,0,7.41
2024020264,27,2,0,7.41
2024020475,54,4,0,7.41
2024020600,27,2,0,7.41
2024020650,54,4,0,7.41
2024020653,27,2,0,7.41
2024020679,27,2,0,7.41
2024020792,54,4,0,7.41
2024020859,54,4,0,7.41
2024021168,27,2,0,7.41
2023020120,67,5,0,7.46
2022020720,120,9,0,7.5
2022020859,40,3,0,7.5
2022021040,40,3,0,7.5
2023021063,120,9,0,7.5
2024020295,40,3,0,7.5
2024020308,40,3,0,7.5
2024020784,40,3,0,7.5
2024020844,40,3,0,7.5
2024020936,40,3,0,7.5
2024021123,80,6,0,7.5
2023020020,93,7,0,7.53
2023021126,93,7,0,7.53
2022020131,53,4,0,7.55
2022020137,53,4,0,7.55
2022020715,53,4,0,7.55
2023020431,53,4,0,7.55
2023021275,53,4,0,7.55
2024020677,53,4,0,7.55
2024021217,53,4,0,7.55
2022021114,66,5,0,7.58
2023020905,66,5,0,7.58
2024020723,66,5,0,7.58
2022020992,79,6,0,7.59
2023020998,79,6,0,7.59
2022020159,92,7,0,7.61
2022020036,65,5,0,7.69
2022020258,39,3,0,7.69
2022020368,65,5,0,7.69
2022020549,65,5,0,7.69
2022020647,104,8,0,7.69
2022020661,39,3,0,7.69
2022020802,13,1,0,7.69
2022020900,39,3,0,7.69
2022020975,13,1,0,7.69
2022021026,39,3,0,7.69
2022021287,39,3,0,7.69
2023020038,78,6,0,7.69
2023020189,65,5,0,7.69
2023020395,26,2,0,7.69
2023020406,39,3,0,7.69
2023020515,26,2,0,7.69
2023020672,26,2,0,7.69
2023021134,39,3,0,7.69
2024020020,52,4,0,7.69
2024020102,78,6,0,7.69
2024020396,52,4,0,7.69
2024020479,39,3,0,7.69
2024020615,78,6,0,7.69
2024020725,52,4,0,7.69
2024020857,39,3,0,7.69
2024021128,39,3,0,7.69
2024021182,39,3,0,7.69
2022020897,77,6,0,7.79
2023020456,64,5,0,7.81
2023020780,64,5,0,7.81
2023021236,64,5,0,7.81
2024020568,64,5,0,7.81
2023020080,51,4,0,7.84
2023020171,51,4,0,7.84
2023020236,51,4,0,7.84
2024020232,51,4,0,7.84
2022020062,76,6,0,7.89
2022020256,38,3,0,7.89
2022020450,38,3,0,7.89
2022020555,38,3,0,7.89
2022020913,38,3,0,7.89
2022021021,38,3,0,7.89
2022021173,38,3,0,7.89
2023020129,76,6,0,7.89
2023020240,38,3,0,7.89
2023020250,38,3,0,7.89
2023021264,38,3,0,7.89
2024020082,38,3,0,7.89
2024020227,38,3,0,7.89
2024021007,38,3,0,7.89
2024021086,38,3,0,7.89
2024021185,38,3,0,7.89
2022020169,63,5,0,7.94
2022020642,63,5,0,7.94
2023021036,63,5,0,7.94
2024020790,63,5,0,7.94
2022020425,88,7,0,7.95
2022020174,75,6,0,8.0
2022020208,50,4,0,8.0
2022020280,75,6,0,8.0
2022020954,50,4,0,8.0
2023020116,50,4,0,8.0
2023020231,50,4,0,8.0
2023020629,75,6,0,8.0
2023021000,50,4,0,8.0
2023021151,75,6,0,8.0
2024020166,25,2,0,8.0
2024021292,50,4,0,8.0
2023020864,87,7,0,8.05
2024020937,87,7,0,8.05
2022020477,62,5,0,8.06
2023020211,62,5,0,8.06
2024021031,62,5,0,8.06
2022020910,37,3,0,8.11
2022021049,37,3,0,8.11
2023020123,37,3,0,8.11
2023020224,37,3,0,8.11
2023020727,37,3,0,8.11
2024021194,37,3,0,8.11
2023020799,86,7,0,8.14
2022020666,49,4,0,8.16
2023020160,49,4,0,8.16
2023020420,49,4,0,8.16
2023020442,49,4,0,8.16
2023020958,49,4,0,8.16
2024020867,49,4,0,8.16
2022020054,61,5,0,8.2
2023020687,61,5,0,8.2
2023020821,61,5,0,8.2
2024020598,73,6,0,8.22
2022020055,96,8,0,8.33
2022020069,72,6,0,8.33
2022020098,84,7,0,8.33
2022020269,48,4,0,8.33
2022020382,48,4,0,8.33
2022020442,48,4,0,8.33
2022020498,60,5,0,8.33
2022020504,36,3,0,8.33
2022020515,60,5,0,8.33
2022020968,12,1,0,8.33
2023020549,60,5,0,8.33
2023020670,60,5,0,8.33
2023020731,60,5,0,8.33
2023020831,48,4,0,8.33
2023021012,36,3,0,8.33
2023021166,60,5,0,8.33
2023021277,72,6,0,8.33
2023021284,36,3,0,8.33
2024020128,48,4,0,8.33
2024020343,48,4,0,8.33
2024020413,36,3,0,8.33
2024020505,72,6,0,8.33
2024020582,72,6,0,8.33
2024020663,36,3,0,8.33
2024020743,36,3,0,8.33
2024020791,24,2,0,8.33
2024020947,36,3,0,8.33
2024020972,36,3,0,8.33
2024021032,36,3,0,8.33
2024021088,24,2,0,8.33
2023020836,95,8,0,8.42
2024020771,83,7,0,8.43
2022020394,71,6,0,8.45
2022020413,71,6,0,8.45
2022020536,71,6,0,8.45
2023020036,71,6,0,8.45
2024020491,71,6,0,8.45
2024020787,71,6,0,8.45
2022021212,59,5,0,8.47
2023020119,59,5,0,8.47
2023020997,59,5,0,8.47
2022020311,47,4,0,8.51
2022020373,47,4,0,8.51
2022020949,47,4,0,8.51
2023020370,47,4,0,8.51
2023020876,47,4,0,8.51
2023021040,47,4,0,8.51
2024020656,47,4,0,8.51
2024021230,47,4,0,8.51
2022020306,35,3,0,8.57
2022020674,35,3,0,8.57
2022020953,35,3,0,8.57
2022021046,35,3,0,8.57
2022021159,35,3,0,8.57
2023020075,35,3,0,8.57
2023020502,70,6,0,8.57
2023020505,35,3,0,8.57
2023020632,35,3,0,8.57
2023021254,70,6,0,8.57
2024020032,35,3,0,8.57
2024020516,35,3,0,8.57
2024020805,35,3,0,8.57
2022020254,93,8,0,8.6
2023020535,58,5,0,8.62
2023020166,81,7,0,8.64
2024020213,81,7,0,8.64
2022020840,69,6,0,8.7
2022020986,46,4,0,8.7
2022021258,46,4,0,8.7
2023020850,46,4,0,8.7
2024020109,69,6,0,8.7
2024020245,69,6,0,8.7
2024020393,69,6,0,8.7
2024020638,46,4,0,8.7
2024021035,46,4,0,8.7
2024021069,69,6,0,8.7
2024021126,23,2,0,8.7
2023020181,80,7,0,8.75
2023020514,80,7,0,8.75
2024020070,80,7,0,8.75
2024020221,57,5,0,8.77
2022020357,34,3,0,8.82
2022020703,68,6,0,8.82
2022020729,68,6,0,8.82
2022020788,34,3,0,8.82
2023020487,34,3,0,8.82
2023020871,34,3,0,8.82
2024020361,34,3,0,8.82
2024020375,34,3,0,8.82
2024020870,68,6,0,8.82
2024020906,34,3,0,8.82
2024020939,34,3,0,8.82
2022020243,79,7,0,8.86
2023020922,79,7,0,8.86
2023021094,45,4,0,8.89
2022020101,56,5,0,8.93
2022020387,56,5,0,8.93
2022021237,56,5,0,8.93
2024020930,56,5,0,8.93
2024021004,56,5,0,8.93
2022020926,67,6,0,8.96
2024020514,67,6,0,8.96
2022020914,78,7,0,8.97
2022020008,44,4,0,9.09
2022020018,88,8,0,9.09
2022020130,99,9,0,9.09
2022020217,33,3,0,9.09
2022020332,44,4,0,9.09
2022020449,44,4,0,9.09
2022020463,44,4,0,9.09
2022020542,66,6,0,9.09
2022020565,44,4,0,9.09
2022020575,66,6,0,9.09
2022020905,33,3,0,9.09
2022020922,44,4,0,9.09
2022020952,44,4,0,9.09
2022020965,66,6,0,9.09
2022021010,33,3,0,9.09
2022021093,44,4,0,9.09
2022021124,55,5,0,9.09
2023020237,33,3,0,9.09
2023020260,22,2,0,9.09
2023020338,66,6,0,9.09
2023020391,33,3,0,9.09
2023020454,33,3,0,9.09
2023020762,33,3,0,9.09
2023020764,33,3,0,9.09
2023021196,55,5,0,9.09
2023021265,33,3,0,9.09
2023021281,44,4,0,9.09
2023021307,66,6,0,9.09
2024020062,55,5,0,9.09
2024020319,44,4,0,9.09
2024020503,55,5,0,9.09
2024020756,33,3,0,9.09
2024020809,55,5,0,9.09
2024021049,33,3,0,9.09
2024021234,33,3,0,9.09
2022020003,98,9,0,9.18
2022020409,98,9,0,9.18
2023020826,98,9,0,9.18
2022020466,76,7,0,9.21
2022020701,76,7,0,9.21
2023020052,76,7,0,9.21
2022020669,65,6,0,9.23
2023020416,65,6,0,9.23
2023020425,65,6,0,9.23
2024020310,65,6,0,9.23
2024021070,65,6,0,9.23
2022020040,54,5,0,9.26
2022020096,54,5,0,9.26
2022020705,54,5,0,9.26
2022020740,54,5,0,9.26
2024020085,54,5,0,9.26
2024020502,54,5,0,9.26
2024020734,54,5,0,9.26
2024021105,54,5,0,9.26
2022020359,43,4,0,9.3
2022021066,43,4,0,9.3
2022021309,43,4,0,9.3
2023021083,43,4,0,9.3
2024020571,43,4,0,9.3
2024020950,43,4,0,9.3
2022020361,75,7,0,9.33
2024020388,75,7,0,9.33
2022020058,32,3,0,9.38
2022020124,32,3,0,9.38
2022020994,32,3,0,9.38
2022021146,32,3,0,9.38
2022021268,32,3,0,9.38
2023020110,32,3,0,9.38
2023020267,32,3,0,9.38
2023020364,32,3,0,9.38
2023020800,32,3,0,9.38
2023020872,32,3,0,9.38
2024020019,32,3,0,9.38
2024020205,64,6,0,9.38
2024021102,64,6,0,9.38
2024021297,64,6,0,9.38
2022020930,85,8,0,9.41
2023020895,85,8,0,9.41
2022021240,106,10,0,9.43
2023020450,53,5,0,9.43
2023020749,53,5,0,9.43
2024020689,53,5,0,9.43
2024020783,53,5,0,9.43
2024020986,53,5,0,9.43
2023020462,74,7,0,9.46
2024020712,74,7,0,9.46
2022020696,42,4,0,9.52
2022020898,42,4,0,9.52
2022021113,42,4,0,9.52
2023020248,63,6,0,9.52
2023020255,63,6,0,9.52
2023020279,63,6,0,9.52
2023020630,63,6,0,9.52
2023020935,63,6,0,9.52
2023021026,63,6,0,9.52
2023021078,63,6,0,9.52
2023021188,21,2,0,9.52
2023021197,63,6,0,9.52
2024020631,42,4,0,9.52
2024020782,21,2,0,9.52
2024020802,42,4,0,9.52
2024021115,21,2,0,9.52
2023020165,73,7,0,9.59
2023021061,73,7,0,9.59
2022020041,104,10,0,9.62
2022020223,52,5,0,9.62
2023020361,52,5,0,9.62
2023021138,52,5,0,9.62
2023021297,104,10,0,9.62
2024020832,52,5,0,9.62
2022020112,83,8,0,9.64
2023020294,83,8,0,9.64
2022020379,31,3,0,9.68
2022020830,31,3,0,9.68
2022021197,62,6,0,9.68
2023020140,31,3,0,9.68
2023020511,62,6,0,9.68
2023020622,62,6,0,9.68
2023020957,31,3,0,9.68
2023021092,31,3,0,9.68
2023021238,62,6,0,9.68
2024020435,31,3,0,9.68
2024020801,62,6,0,9.68
2024020958,31,3,0,9.68
2022020162,103,10,0,9.71
2022020689,41,4,0,9.76
2022020738,82,8,0,9.76
2023020216,41,4,0,9.76
2023020479,82,8,0,9.76
2023020837,41,4,0,9.76
2023020965,41,4,0,9.76
2023021274,41,4,0,9.76
2024020161,41,4,0,9.76
2024021147,41,4,0,9.76
2023020407,51,5,0,9.8
2023020579,51,5,0,9.8
2022020007,61,6,0,9.84
2022020393,61,6,0,9.84
2022021086,61,6,0,9.84
2023020619,61,6,0,9.84
2024020840,61,6,0,9.84
2024021169,61,6,0,9.84
2022020527,71,7,0,9.86
2023020446,81,8,0,9.88
2024020669,81,8,0,9.88
2024020331,91,9,0,9.89
2022020092,70,7,0,10.0
2022020105,40,4,0,10.0
2022020113,70,7,0,10.0
2022020153,30,3,0,10.0
2022020717,60,6,0,10.0
2022020769,20,2,0,10.0
2022021199,30,3,0,10.0
2023020033,30,3,0,10.0
2023020042,70,7,0,10.0
2023020057,40,4,0,10.0
2023020099,30,3,0,10.0
2023020187,40,4,0,10.0
2023020299,30,3,0,10.0
2023020317,30,3,0,10.0
2023020424,60,6,0,10.0
2023020492,50,5,0,10.0
2023020627,20,2,0,10.0
2023021052,30,3,0,10.0
2023021101,40,4,0,10.0
2023021124,40,4,0,10.0
2024020014,50,5,0,10.0
2024020248,50,5,0,10.0
2024020312,30,3,0,10.0
2024020453,30,3,0,10.0
2024020668,30,3,0,10.0
2024020687,30,3,0,10.0
2024020692,30,3,0,10.0
2024020864,30,3,0,10.0
2024020866,10,1,0,10.0
2024020943,30,3,0,10.0
2024020977,60,6,0,10.0
2024021183,30,3,0,10.0
2024021196,50,5,0,10.0
2024021203,30,3,0,10.0
2024021214,30,3,0,10.0
2024021193,89,9,0,10.11
2022020877,79,8,0,10.13
2022020977,79,8,0,10.13
2022021137,79,8,0,10.13
2023020553,69,7,0,10.14
2023020590,69,7,0,10.14
2023020718,69,7,0,10.14
2023020686,59,6,0,10.17
2023021257,59,6,0,10.17
2024020031,59,6,0,10.17
2024020380,59,6,0,10.17
2024020448,59,6,0,10.17
2024020974,49,5,0,10.2
2022020251,39,4,0,10.26
2023020512,39,4,0,10.26
2023020999,39,4,0,10.26
2024020186,39,4,0,10.26
2024020641,39,4,0,10.26
2024020648,39,4,0,10.26
2024020959,39,4,0,10.26
2023021158,68,7,0,10.29
2023021118,97,10,0,10.31
2022020093,58,6,0,10.34
2022020095,58,6,0,10.34
2022020818,29,3,0,10.34
2022020843,29,3,0,10.34
2022021019,58,6,0,10.34
2022021143,58,6,0,10.34
2023020268,58,6,0,10.34
2023021168,29,3,0,10.34
2024020243,29,3,0,10.34
2024020778,29,3,0,10.34
2022020576,106,11,0,10.38
2022021050,77,8,0,10.39
2023020508,77,8,0,10.39
2023020944,77,8,0,10.39
2022020342,48,5,0,10.42
2022021141,48,5,0,10.42
2023020383,48,5,0,10.42
2023021049,48,5,0,10.42
2024020387,48,5,0,10.42
2024020752,48,5,0,10.42
2022020035,67,7,0,10.45
2022021299,67,7,0,10.45
2023020675,67,7,0,10.45
2022020443,38,4,0,10.53
2022020681,38,4,0,10.53
2022020778,38,4,0,10.53
2022020948,38,4,0,10.53
2023020633,38,4,0,10.53
2023020760,38,4,0,10.53
2023020761,38,4,0,10.53
2023020775,38,4,0,10.53
2024020169,76,8,0,10.53
2024020542,57,6,0,10.53
2024020698,19,2,0,10.53
2024020914,76,8,0,10.53
2024021113,57,6,0,10.53
2022020163,66,7,0,10.61
2023020173,66,7,0,10.61
2022020585,47,5,0,10.64
2022020741,47,5,0,10.64
2022020886,47,5,0,10.64
2023020470,47,5,0,10.64
2023020901,47,5,0,10.64
2023021089,47,5,0,10.64
2024021002,47,5,0,10.64
2024021099,47,5,0,10.64
2023020324,75,8,0,10.67
2022020233,56,6,0,10.71
2022020664,56,6,0,10.71
2022020934,28,3,0,10.71
2022021224,28,3,0,10.71
2022021284,28,3,0,10.71
2023020047,112,12,0,10.71
2023020089,56,6,0,10.71
2023020252,56,6,0,10.71
2023020468,56,6,0,10.71
2023020482,56,6,0,10.71
2023021080,56,6,0,10.71
2023021125,28,3,0,10.71
2023021232,56,6,0,10.71
2024020068,28,3,0,10.71
2024020080,28,3,0,10.71
2024020233,56,6,0,10.71
2024020249,28,3,0,10.71
2024020673,28,3,0,10.71
2024020694,28,3,0,10.71
2022021031,65,7,0,10.77
2023020869,65,7,0,10.77
2024020149,65,7,0,10.77
2022020754,37,4,0,10.81
2022020955,74,8,0,10.81
2023020170,37,4,0,10.81
2023020177,37,4,0,10.81
2023020547,37,4,0,10.81
2023020886,37,4,0,10.81
2023021006,74,8,0,10.81
2023021071,37,4,0,10.81
2023021082,37,4,0,10.81
2024020557,83,9,0,10.84
2022020333,46,5,0,10.87
2022021007,92,10,0,10.87
2022021078,46,5,0,10.87
2022021085,46,5,0,10.87
2022021266,46,5,0,10.87
2023021048,46,5,0,10.87
2023021157,46,5,0,10.87
2024020009,46,5,0,10.87
2024020654,46,5,0,10.87
2022021100,55,6,0,10.91
2022021107,55,6,0,10.91
2023020843,55,6,0,10.91
2024020372,55,6,0,10.91
2024020795,55,6,0,10.91
2024021186,55,6,0,10.91
2022020197,64,7,0,10.94
2022020242,64,7,0,10.94
2022020801,64,7,0,10.94
2022021036,64,7,0,10.94
2023020271,64,7,0,10.94
2024021177,64,7,0,10.94
2023020685,82,9,0,10.98
2022021189,91,10,0,10.99
2023020520,91,10,0,10.99
2022020068,45,5,0,11.11
2022020267,36,4,0,11.11
2022020433,54,6,0,11.11
2022020526,45,5,0,11.11
2022020535,63,7,0,11.11
2022020855,36,4,0,11.11
2022021065,36,4,0,11.11
2022021164,36,4,0,11.11
2022021223,36,4,0,11.11
2023020190,36,4,0,11.11
2023020357,36,4,0,11.11
2023020533,45,5,0,11.11
2023020614,27,3,0,11.11
2023020634,36,4,0,11.11
2023020676,63,7,0,11.11
2023020763,27,3,0,11.11
2023020786,27,3,0,11.11
2023020790,36,4,0,11.11
2023020859,63,7,0,11.11
2023020948,36,4,0,11.11
2024020023,27,3,0,11.11
2024020061,45,5,0,11.11
2024020279,27,3,0,11.11
2024020298,36,4,0,11.11
2024020553,18,2,0,11.11
2024020775,27,3,0,11.11
2024020856,45,5,0,11.11
2024020894,36,4,0,11.11
2024021134,9,1,0,11.11
2024021208,54,6,0,11.11
2024020303,80,9,0,11.25
2023020490,71,8,0,11.27
2024020074,62,7,0,11.29
2023020096,53,6,0,11.32
2023020567,53,6,0,11.32
2024020365,53,6,0,11.32
2024020666,53,6,0,11.32
2024020970,53,6,0,11.32
2024021122,53,6,0,11.32
2023020969,97,11,0,11.34
2022020291,44,5,0,11.36
2022020615,44,5,0,11.36
2023020473,44,5,0,11.36
2023020486,44,5,0,11.36
2024020216,44,5,0,11.36
2022021039,79,9,0,11.39
2022020107,35,4,0,11.43
2022020807,35,4,0,11.43
2023020070,35,4,0,11.43
2023020172,105,12,0,11.43
2024020180,35,4,0,11.43
2024020200,35,4,0,11.43
2024020620,70,8,0,11.43
2024020738,35,4,0,11.43
2024021295,35,4,0,11.43
2022020120,61,7,0,11.48
2022020200,61,7,0,11.48
2024020328,61,7,0,11.48
2024020401,61,7,0,11.48
2024020826,61,7,0,11.48
2022020050,26,3,0,11.54
2022020178,52,6,0,11.54
2022020546,52,6,0,11.54
2022020963,52,6,0,11.54
2023020060,26,3,0,11.54
2023020194,26,3,0,11.54
2023020500,26,3,0,11.54
2023020963,26,3,0,11.54
2023020988,26,3,0,11.54
2023021234,26,3,0,11.54
2023021302,26,3,0,11.54
2024020162,52,6,0,11.54
2024020256,52,6,0,11.54
2024020302,26,3,0,11.54
2024021052,26,3,0,11.54
2024021157,26,3,0,11.54
2024021180,26,3,0,11.54
2024021303,52,6,0,11.54
2023021208,95,11,0,11.58
2022020044,69,8,0,11.59
2022020883,43,5,0,11.63
2022021265,43,5,0,11.63
2023020620,86,10,0,11.63
2023020730,43,5,0,11.63
2023021086,43,5,0,11.63
2024020488,43,5,0,11.63
2024021083,43,5,0,11.63
2024021094,43,5,0,11.63
2024021204,43,5,0,11.63
2023021031,60,7,0,11.67
2023021050,60,7,0,11.67
2023021303,60,7,0,11.67
2024020325,60,7,0,11.67
2024020564,60,7,0,11.67
2024020703,60,7,0,11.67
2024020726,60,7,0,11.67
2024020900,60,7,0,11.67
2022020982,77,9,0,11.69
2022020076,51,6,0,11.76
2022020151,51,6,0,11.76
2022020371,51,6,0,11.76
2022020496,51,6,0,11.76
2022020582,34,4,0,11.76
2022021195,34,4,0,11.76
2022021263,34,4,0,11.76
2023020452,68,8,0,11.76
2023020488,51,6,0,11.76
2023020623,51,6,0,11.76
2023020838,51,6,0,11.76
2023020991,51,6,0,11.76
2023021252,34,4,0,11.76
2024020555,85,10,0,11.76
2024020931,34,4,0,11.76
2024021226,34,4,0,11.76
2024021301,34,4,0,11.76
2022020009,59,7,0,11.86
2022020013,59,7,0,11.86
2022020155,59,7,0,11.86
2022020501,59,7,0,11.86
2022020584,59,7,0,11.86
2023020103,59,7,0,11.86
2023020127,59,7,0,11.86
2023021010,59,7,0,11.86
2022020339,84,10,0,11.9
2022020944,42,5,0,11.9
2023020558,42,5,0,11.9
2023021240,42,5,0,11.9
2024020746,42,5,0,11.9
2024020899,42,5,0,11.9
2024020992,42,5,0,11.9
2022020088,67,8,0,11.94
2022020181,67,8,0,11.94
2022020583,67,8,0,11.94
2022020614,67,8,0,11.94
2022020749,67,8,0,11.94
2023020955,67,8,0,11.94
2023021079,67,8,0,11.94
2024020379,67,8,0,11.94
2024020496,67,8,0,11.94
2023020001,92,11,0,11.96
2022020978,50,6,0,12.0
2022021213,50,6,0,12.0
2023020023,25,3,0,12.0
2023020118,25,3,0,12.0
2023020207,25,3,0,12.0
2023020396,25,3,0,12.0
2023020919,50,6,0,12.0
2024020345,50,6,0,12.0
2024020528,25,3,0,12.0
2024020593,50,6,0,12.0
2024020760,50,6,0,12.0
2024020799,25,3,0,12.0
2024021022,75,9,0,12.0
2024021138,50,6,0,12.0
2023020100,83,10,0,12.05
2022020781,58,7,0,12.07
2022021011,58,7,0,12.07
2023020054,58,7,0,12.07
2023020382,58,7,0,12.07
2024020437,58,7,0,12.07
2024021218,58,7,0,12.07
2023020704,91,11,0,12.09
2022020389,33,4,0,12.12
2022020591,66,8,0,12.12
2022020857,33,4,0,12.12
2022021096,66,8,0,12.12
2022021120,33,4,0,12.12
2022021275,33,4,0,12.12
2023020196,33,4,0,12.12
2023020295,33,4,0,12.12
2023020422,66,8,0,12.12
2023020717,33,4,0,12.12
2023021163,66,8,0,12.12
2023021181,66,8,0,12.12
2023021291,33,4,0,12.12
2024020808,66,8,0,12.12
2024020983,66,8,0,12.12
2024021120,33,4,0,12.12
2022020118,41,5,0,12.2
2023020315,41,5,0,12.2
2023020564,41,5,0,12.2
2023021013,41,5,0,12.2
2024020005,41,5,0,12.2
2024020242,41,5,0,12.2
2024020979,41,5,0,12.2
2022020896,49,6,0,12.24
2023020130,49,6,0,12.24
2023020639,49,6,0,12.24
2023021144,49,6,0,12.24
2024020344,49,6,0,12.24
2024020418,49,6,0,12.24
2024020477,49,6,0,12.24
2023020555,106,13,0,12.26
2022020380,57,7,0,12.28
2023020782,57,7,0,12.28
2023020087,65,8,0,12.31
2023021117,65,8,0,12.31
2024020154,65,8,0,12.31
2024020482,65,8,0,12.31
2024020932,65,8,0,12.31
2022020381,81,10,0,12.35
2022020046,64,8,0,12.5
2022020554,32,4,0,12.5
2022020649,40,5,0,12.5
2022020844,64,8,0,12.5
2022020931,32,4,0,12.5
2022021090,48,6,0,12.5
2022021092,24,3,0,12.5
2022021148,48,6,0,12.5
2022021191,40,5,0,12.5
2022021233,64,8,0,12.5
2022021259,24,3,0,12.5
2023020249,80,10,0,12.5
2023020408,88,11,0,12.5
2023020667,24,3,0,12.5
2023020682,40,5,0,12.5
2023020709,64,8,0,12.5
2023020765,40,5,0,12.5
2023020952,64,8,0,12.5
2023021160,40,5,0,12.5
2024020212,56,7,0,12.5
2024020318,24,3,0,12.5
2024020349,56,7,0,12.5
2024020395,32,4,0,12.5
2024020397,32,4,0,12.5
2024020419,40,5,0,12.5
2024020454,48,6,0,12.5
2024020525,112,14,0,12.5
2024020605,32,4,0,12.5
2024020727,56,7,0,12.5
2024020749,48,6,0,12.5
2024020922,40,5,0,12.5
2024020975,48,6,0,12.5
2024021219,48,6,0,12.5
2023020012,79,10,0,12.66
2023020071,71,9,0,12.68
2022020686,63,8,0,12.7
2024020429,126,16,0,12.7
2022020586,55,7,0,12.73
2022020938,55,7,0,12.73
2022021262,55,7,0,12.73
2023020651,55,7,0,12.73
2024020326,55,7,0,12.73
2024020386,55,7,0,12.73
2024020392,55,7,0,12.73
2024020665,55,7,0,12.73
2022020461,47,6,0,12.77
2022021168,47,6,0,12.77
2022021296,47,6,0,12.77
2024020719,47,6,0,12.77
2022020960,86,11,0,12.79
2023021304,86,11,0,12.79
2022020560,39,5,0,12.82
2023020334,39,5,0,12.82
2023020992,39,5,0,12.82
2022021084,70,9,0,12.86
2023020014,70,9,0,12.86
2023020313,70,9,0,12.86
2023020855,70,9,0,12.86
2024020066,70,9,0,12.86
2024020391,70,9,0,12.86
2022020329,31,4,0,12.9
2022020347,31,4,0,12.9
2022020493,62,8,0,12.9
2022020772,31,4,0,12.9
2022021222,31,4,0,12.9
2024020147,31,4,0,12.9
2024020544,62,8,0,12.9
2024021060,62,8,0,12.9
2022020294,54,7,0,12.96
2023020854,54,7,0,12.96
2023021154,54,7,0,12.96
2024020097,54,7,0,12.96
2024020878,54,7,0,12.96
2024020988,54,7,0,12.96
2024021220,54,7,0,12.96
2022020581,77,10,0,12.99
2022020281,46,6,0,13.04
2022020406,46,6,0,13.04
2022020445,23,3,0,13.04
2022020744,23,3,0,13.04
2022020806,23,3,0,13.04
2022021142,23,3,0,13.04
2023020048,46,6,0,13.04
2023020265,46,6,0,13.04
2023020270,46,6,0,13.04
2023020417,23,3,0,13.04
2023020516,46,6,0,13.04
2023020781,23,3,0,13.04
2023021056,46,6,0,13.04
2023021141,23,3,0,13.04
2024020013,46,6,0,13.04
2024020924,46,6,0,13.04
2024021000,46,6,0,13.04
2022020232,84,11,0,13.1
2023020126,84,11,0,13.1
2023020806,84,11,0,13.1
2023021091,84,11,0,13.1
2022020601,61,8,0,13.11
2022020825,61,8,0,13.11
2022021115,61,8,0,13.11
2023020894,61,8,0,13.11
2023020917,61,8,0,13.11
2022020166,38,5,0,13.16
2022020446,38,5,0,13.16
2022020708,38,5,0,13.16
2022021009,76,10,0,13.16
2022021165,38,5,0,13.16
2023020153,76,10,0,13.16
2024020280,76,10,0,13.16
2022020116,106,14,0,13.21
2022020929,53,7,0,13.21
2022021140,53,7,0,13.21
2023020674,53,7,0,13.21
2024020118,53,7,0,13.21
2024020634,53,7,0,13.21
2023020413,68,9,0,13.24
2023020519,68,9,0,13.24
2022020149,45,6,0,13.33
2022020205,45,6,0,13.33
2022020419,75,10,0,13.33
2022020485,105,14,0,13.33
2022020487,45,6,0,13.33
2022020688,30,4,0,13.33
2022021217,45,6,0,13.33
2022021290,30,4,0,13.33
2023020053,45,6,0,13.33
2023020112,45,6,0,13.33
2023020167,30,4,0,13.33
2023020205,30,4,0,13.33
2023020604,30,4,0,13.33
2023020882,60,8,0,13.33
2023021024,45,6,0,13.33
2023021142,45,6,0,13.33
2023021306,45,6,0,13.33
2024020121,30,4,0,13.33
2024020156,30,4,0,13.33
2024020315,30,4,0,13.33
2024020378,60,8,0,13.33
2024020465,30,4,0,13.33
2024020518,30,4,0,13.33
2024020639,75,10,0,13.33
2024020951,60,8,0,13.33
2022020630,67,9,0,13.43
2022020455,52,7,0,13.46
2023020301,52,7,0,13.46
2023020423,52,7,0,13.46
2023020747,52,7,0,13.46
2023021025,52,7,0,13.46
2024020858,52,7,0,13.46
2023020003,89,12,0,13.48
2022020613,37,5,0,13.51
2022020694,37,5,0,13.51
2022020810,37,5,0,13.51
2022020863,37,5,0,13.51
2022021111,37,5,0,13.51
2022021303,37,5,0,13.51
2023020008,74,10,0,13.51
2023020474,74,10,0,13.51
2023020644,37,5,0,13.51
2023020774,37,5,0,13.51
2023020783,37,5,0,13.51
2023021022,74,10,0,13.51
2023021295,37,5,0,13.51
2022020312,59,8,0,13.56
2022020803,59,8,0,13.56
2023020498,59,8,0,13.56
2024021150,59,8,0,13.56
2022020005,66,9,0,13.64
2022020503,44,6,0,13.64
2022020906,66,9,0,13.64
2022020937,44,6,0,13.64
2022020966,22,3,0,13.64
2022021017,44,6,0,13.64
2022021057,44,6,0,13.64
2023020513,22,3,0,13.64
2023020684,44,6,0,13.64
2023020907,66,9,0,13.64
2023021192,22,3,0,13.64
2024020064,44,6,0,13.64
2024020244,44,6,0,13.64
2024020572,66,9,0,13.64
2024020754,44,6,0,13.64
2022020025,73,10,0,13.7
2022020026,73,10,0,13.7
2024021025,73,10,0,13.7
2022020299,51,7,0,13.73
2022020868,51,7,0,13.73
2022021045,51,7,0,13.73
2022021098,51,7,0,13.73
2022021234,51,7,0,13.73
2024020711,51,7,0,13.73
2022020318,80,11,0,13.75
2022020019,58,8,0,13.79
2022020132,29,4,0,13.79
2022020271,58,8,0,13.79
2022020279,29,4,0,13.79
2022020874,29,4,0,13.79
2023020336,58,8,0,13.79
2023020830,29,4,0,13.79
2023021155,29,4,0,13.79
2024020178,58,8,0,13.79
2024020271,58,8,0,13.79
2024020565,58,8,0,13.79
2024020567,29,4,0,13.79
2024021135,29,4,0,13.79
2024021141,87,12,0,13.79
2022020056,94,13,0,13.83
2022020540,94,13,0,13.83
2024020533,65,9,0,13.85
2022020469,36,5,0,13.89
2022020792,36,5,0,13.89
2022021231,36,5,0,13.89
2023020128,36,5,0,13.89
2023020131,36,5,0,13.89
2023020269,36,5,0,13.89
2023020414,36,5,0,13.89
2023020706,36,5,0,13.89
2023021153,36,5,0,13.89
2024020033,36,5,0,13.89
2024020424,36,5,0,13.89
2024020721,72,10,0,13.89
2022020090,79,11,0,13.92
2023020367,79,11,0,13.92
2024020027,79,11,0,13.92
2022020817,43,6,0,13.95
2022021156,43,6,0,13.95
2022021178,86,12,0,13.95
2023020068,43,6,0,13.95
2023020259,43,6,0,13.95
2023020586,43,6,0,13.95
2023020768,43,6,0,13.95
2022020509,50,7,0,14.0
2022020644,50,7,0,14.0
2022021139,50,7,0,14.0
2024020545,50,7,0,14.0
2022020085,57,8,0,14.04
2022020260,57,8,0,14.04
2022020725,57,8,0,14.04
2022021241,57,8,0,14.04
2022021292,57,8,0,14.04
2023020011,57,8,0,14.04
2022020603,64,9,0,14.06
2024020069,64,9,0,14.06
2022020346,71,10,0,14.08
2022020641,71,10,0,14.08
2023021130,71,10,0,14.08
2023020371,78,11,0,14.1
2023021259,78,11,0,14.1
2024020037,78,11,0,14.1
2023020082,85,12,0,14.12
2024020969,85,12,0,14.12
2022020140,21,3,0,14.29
2022020226,56,8,0,14.29
2022020410,42,6,0,14.29
2022020448,119,17,0,14.29
2022020478,21,3,0,14.29
2022020505,28,4,0,14.29
2022020548,49,7,0,14.29
2022020673,42,6,0,14.29
2022020682,63,9,0,14.29
2022020777,35,5,0,14.29
2022020791,56,8,0,14.29
2022020837,35,5,0,14.29
2022020881,49,7,0,14.29
2022021116,14,2,0,14.29
2023020059,49,7,0,14.29
2023020161,63,9,0,14.29
2023020273,56,8,0,14.29
2023020284,14,2,0,14.29
2023020379,21,3,0,14.29
2023020465,77,11,0,14.29
2023020467,56,8,0,14.29
2023020521,28,4,0,14.29
2023020716,42,6,0,14.29
2023021122,35,5,0,14.29
2023021258,42,6,0,14.29
2024020058,42,6,0,14.29
2024020088,21,3,0,14.29
2024020201,35,5,0,14.29
2024020492,21,3,0,14.29
2024020587,56,8,0,14.29
2024020618,21,3,0,14.29
2024020661,21,3,0,14.29
2024020685,63,9,0,14.29
2024020871,49,7,0,14.29
2024020944,35,5,0,14.29
2024021028,28,4,0,14.29
2024021142,49,7,0,14.29
2024020411,90,13,0,14.44
2024020741,83,12,0,14.46
2022020610,69,10,0,14.49
2022021254,62,9,0,14.52
2023020615,62,9,0,14.52
2023020970,62,9,0,14.52
2024020715,62,9,0,14.52
2024020132,55,8,0,14.55
2024020196,55,8,0,14.55
2022020865,48,7,0,14.58
2022020884,48,7,0,14.58
2022020984,48,7,0,14.58
2022021157,48,7,0,14.58
2023020439,48,7,0,14.58
2023020472,48,7,0,14.58
2023020583,48,7,0,14.58
2023021043,48,7,0,14.58
2023021104,48,7,0,14.58
2024020440,48,7,0,14.58
2024020583,48,7,0,14.58
2024021175,89,13,0,14.61
2022020282,41,6,0,14.63
2022020470,41,6,0,14.63
2023020285,41,6,0,14.63
2023020410,41,6,0,14.63
2024020006,82,12,0,14.63
2024020036,41,6,0,14.63
2024020316,41,6,0,14.63
2024020659,41,6,0,14.63
2024020816,41,6,0,14.63
2023021093,75,11,0,14.67
2023021100,75,11,0,14.67
2024020539,75,11,0,14.67
2023020146,68,10,0,14.71
2023020191,34,5,0,14.71
2023020322,34,5,0,14.71
2023020441,68,10,0,14.71
2023020664,34,5,0,14.71
2023020677,34,5,0,14.71
2023020959,34,5,0,14.71
2022020690,61,9,0,14.75
2023021021,61,9,0,14.75
2024021024,61,9,0,14.75
2022020257,88,13,0,14.77
2023020030,88,13,0,14.77
2024020869,88,13,0,14.77
2022020784,54,8,0,14.81
2022021204,54,8,0,14.81
2023020340,54,8,0,14.81
2023020653,54,8,0,14.81
2023020847,27,4,0,14.81
2023021081,54,8,0,14.81
2024020079,54,8,0,14.81
2024020305,81,12,0,14.81
2024021074,54,8,0,14.81
2023020808,74,11,0,14.86
2023020832,74,11,0,14.86
2022021174,47,7,0,14.89
2023020256,47,7,0,14.89
2023020289,47,7,0,14.89
2023021203,47,7,0,14.89
2024021233,47,7,0,14.89
2022020392,67,10,0,14.93
2024021047,67,10,0,14.93
2022020043,20,3,0,15.0
2022020255,60,9,0,15.0
2022020412,40,6,0,15.0
2022020430,20,3,0,15.0
2022021076,20,3,0,15.0
2022021279,20,3,0,15.0
2023020197,40,6,0,15.0
2023020476,60,9,0,15.0
2023021065,40,6,0,15.0
2023021210,60,9,0,15.0
2024020239,80,12,0,15.0
2024020311,20,3,0,15.0
2024020835,80,12,0,15.0
2024020991,20,3,0,15.0
2024021041,40,6,0,15.0
2024021308,20,3,0,15.0
2023020532,73,11,0,15.07
2023020577,73,11,0,15.07
2023020607,73,11,0,15.07
2023021204,73,11,0,15.07
2024020769,73,11,0,15.07
2024020868,73,11,0,15.07
2022020362,53,8,0,15.09
2023020298,53,8,0,15.09
2023020451,53,8,0,15.09
2024020781,53,8,0,15.09
2022020129,33,5,0,15.15
2022021244,66,10,0,15.15
2024020317,33,5,0,15.15
2024020457,66,10,0,15.15
2024020768,33,5,0,15.15
2022020492,92,14,0,15.22
2022020751,46,7,0,15.22
2023020594,46,7,0,15.22
2022020789,59,9,0,15.25
2022020993,59,9,0,15.25
2023020035,59,9,0,15.25
2023020102,59,9,0,15.25
2024021153,59,9,0,15.25
2022020436,72,11,0,15.28
2022020467,72,11,0,15.28
2023020844,72,11,0,15.28
2024021003,72,11,0,15.28
2022020081,52,8,0,15.38
2022020122,52,8,0,15.38
2022020864,39,6,0,15.38
2022020909,65,10,0,15.38
2022021297,39,6,0,15.38
2023020026,26,4,0,15.38
2023020310,13,2,0,15.38
2023020325,52,8,0,15.38
2023020381,26,4,0,15.38
2023020537,26,4,0,15.38
2023020980,78,12,0,15.38
2024020173,65,10,0,15.38
2024020274,52,8,0,15.38
2024020556,65,10,0,15.38
2024020599,26,4,0,15.38
2024020960,39,6,0,15.38
2024021073,52,8,0,15.38
2023020816,84,13,0,15.48
2024020423,71,11,0,15.49
2022020497,58,9,0,15.52
2023020274,58,9,0,15.52
2024020181,58,9,0,15.52
2022021289,103,16,0,15.53
2022020247,45,7,0,15.56
2022020462,45,7,0,15.56
2022021077,45,7,0,15.56
2023020182,77,12,0,15.58
2023020669,77,12,0,15.58
2022020239,64,10,0,15.63
2022020405,32,5,0,15.63
2022020819,32,5,0,15.63
2022021154,64,10,0,15.63
2023020398,64,10,0,15.63
2023020824,32,5,0,15.63
2024020335,64,10,0,15.63
2024020501,32,5,0,15.63
2022021192,83,13,0,15.66
2023020344,102,16,0,15.69
2023021292,51,8,0,15.69
2024020048,51,8,0,15.69
2024020250,51,8,0,15.69
2024021078,51,8,0,15.69
2023020987,70,11,0,15.71
2024020458,70,11,0,15.71
2022020053,38,6,0,15.79
2022020123,57,9,0,15.79
2022020488,38,6,0,15.79
2022020543,57,9,0,15.79
2022020873,57,9,0,15.79
2022021032,57,9,0,15.79
2022021264,57,9,0,15.79
2023020443,19,3,0,15.79
2023020554,38,6,0,15.79
2023020649,38,6,0,15.79
2023020996,19,3,0,15.79
2023021221,76,12,0,15.79
2024020206,38,6,0,15.79
2024020267,76,12,0,15.79
2024020439,57,9,0,15.79
2024020462,19,3,0,15.79
2024020891,38,6,0,15.79
2024020962,38,6,0,15.79
2024020973,19,3,0,15.79
2024020993,38,6,0,15.79
2022020202,82,13,0,15.85
2022020351,63,10,0,15.87
2022020699,63,10,0,15.87
2022021186,63,10,0,15.87
2023020817,63,10,0,15.87
2022020190,44,7,0,15.91
2022020545,44,7,0,15.91
2022021000,44,7,0,15.91
2022021033,44,7,0,15.91
2023020794,44,7,0,15.91
2024020546,44,7,0,15.91
2022020301,69,11,0,15.94
2022021133,69,11,0,15.94
2023020039,69,11,0,15.94
2023020352,69,11,0,15.94
2024020203,69,11,0,15.94
2022020225,50,8,0,16.0
2022020786,75,12,0,16.0
2023020040,50,8,0,16.0
2023020563,50,8,0,16.0
2023020662,50,8,0,16.0
2023020746,50,8,0,16.0
2024020114,50,8,0,16.0
2024020526,50,8,0,16.0
2024020576,50,8,0,16.0
2024020926,25,4,0,16.0
2024020956,25,4,0,16.0
2024020323,81,13,0,16.05
2023020378,56,9,0,16.07
2023020690,56,9,0,16.07
2022020599,31,5,0,16.13
2022020731,62,10,0,16.13
2022020732,31,5,0,16.13
2022020967,62,10,0,16.13
2022021162,62,10,0,16.13
2023020899,62,10,0,16.13
2023020937,62,10,0,16.13
2024020042,62,10,0,16.13
2024020046,31,5,0,16.13
2023020335,68,11,0,16.18
2022020657,74,12,0,16.22
2022021169,37,6,0,16.22
2023020213,74,12,0,16.22
2023020404,37,6,0,16.22
2023020972,37,6,0,16.22
2024020517,37,6,0,16.22
2024020652,37,6,0,16.22
2024020903,37,6,0,16.22
2024020995,37,6,0,16.22
2024021106,37,6,0,16.22
2022020475,43,7,0,16.28
2023020496,43,7,0,16.28
2023020642,43,7,0,16.28
2023020743,43,7,0,16.28
2024020240,43,7,0,16.28
2022020619,92,15,0,16.3
2023020599,92,15,0,16.3
2023020210,49,8,0,16.33
2023020223,98,16,0,16.33
2023020528,49,8,0,16.33
2023020530,49,8,0,16.33
2023020542,49,8,0,16.33
2024020476,49,8,0,16.33
2024021092,49,8,0,16.33
2022021160,55,9,0,16.36
2024020559,55,9,0,16.36
2022020538,61,10,0,16.39
2022021161,61,10,0,16.39
2022020650,67,11,0,16.42
2023020880,67,11,0,16.42
2024020072,67,11,0,16.42
2024020968,67,11,0,16.42
2024020524,73,12,0,16.44
2022020186,79,13,0,16.46
2023020822,79,13,0,16.46
2023020208,85,14,0,16.47
2024020135,91,15,0,16.48
2022020127,42,7,0,16.67
2022020263,36,6,0,16.67
2022020316,48,8,0,16.67
2022020444,84,14,0,16.67
2022020499,6,1,0,16.67
2022020552,18,3,0,16.67
2022020667,54,9,0,16.67
2022020678,30,5,0,16.67
2022020808,42,7,0,16.67
2022020826,48,8,0,16.67
2022020891,30,5,0,16.67
2022020987,48,8,0,16.67
2022021023,36,6,0,16.67
2022021110,36,6,0,16.67
2022021211,18,3,0,16.67
2022021253,48,8,0,16.67
2022021306,6,1,0,16.67
2023020117,48,8,0,16.67
2023020374,24,4,0,16.67
2023020691,72,12,0,16.67
2023020789,36,6,0,16.67
2023020887,66,11,0,16.67
2023021019,18,3,0,16.67
2023021064,60,10,0,16.67
2023021075,30,5,0,16.67
2023021246,42,7,0,16.67
2023021267,24,4,0,16.67
2023021286,48,8,0,16.67
2024020038,36,6,0,16.67
2024020184,36,6,0,16.67
2024020272,24,4,0,16.67
2024020309,60,10,0,16.67
2024020342,54,9,0,16.67
2024020428,54,9,0,16.67
2024020490,48,8,0,16.67
2024020538,30,5,0,16.67
2024020541,6,1,0,16.67
2024020796,54,9,0,16.67
2024020797,30,5,0,16.67
2024020838,54,9,0,16.67
2024021109,24,4,0,16.67
2023020021,125,21,0,16.8
2023020819,95,16,0,16.84
2023020069,89,15,0,16.85
2023020956,89,15,0,16.85
2022020304,83,14,0,16.87
2022020532,83,14,0,16.87
2022020016,77,13,0,16.88
2024020352,77,13,0,16.88
2022020480,71,12,0,16.9
2023020839,71,12,0,16.9
2022020551,65,11,0,16.92
2023020900,65,11,0,16.92
2022020809,59,10,0,16.95
2023020904,59,10,0,16.95
2024020263,59,10,0,16.95
2022020228,53,9,0,16.98
2022020860,53,9,0,16.98
2023020275,53,9,0,16.98
2023021206,53,9,0,16.98
2024020157,53,9,0,16.98
2024020297,53,9,0,16.98
2024020765,53,9,0,16.98
2022021022,47,8,0,17.02
2023020092,47,8,0,17.02
2023021283,47,8,0,17.02
2024020134,47,8,0,17.02
2024020736,47,8,0,17.02
2022020156,82,14,0,17.07
2022020234,41,7,0,17.07
2022020349,41,7,0,17.07
2022020508,41,7,0,17.07
2022021179,41,7,0,17.07
2023020342,41,7,0,17.07
2024020010,41,7,0,17.07
2023021218,76,13,0,17.11
2022020063,70,12,0,17.14
2022020144,35,6,0,17.14
2022020244,70,12,0,17.14
2022020787,35,6,0,17.14
2022021025,35,6,0,17.14
2022021094,70,12,0,17.14
2023020028,35,6,0,17.14
2023020154,70,12,0,17.14
2023020493,35,6,0,17.14
2023021177,35,6,0,17.14
2024020218,99,17,0,17.17
2022020158,64,11,0,17.19
2022021311,64,11,0,17.19
2023020358,64,11,0,17.19
2022020648,29,5,0,17.24
2022021207,29,5,0,17.24
2023020319,29,5,0,17.24
2023020636,29,5,0,17.24
2024021005,29,5,0,17.24
2024021187,58,10,0,17.24
2022020821,52,9,0,17.31
2023020086,52,9,0,17.31
2023021098,52,9,0,17.31
2024020662,52,9,0,17.31
2024021068,52,9,0,17.31
2022020713,75,13,0,17.33
2023020993,75,13,0,17.33
2022020100,46,8,0,17.39
2022020451,46,8,0,17.39
2022021042,23,4,0,17.39
2023020504,46,8,0,17.39
2023021260,46,8,0,17.39
2024020273,46,8,0,17.39
2024020512,46,8,0,17.39
2024021197,23,4,0,17.39
2022020658,63,11,0,17.46
2022020027,40,7,0,17.5
2022020771,40,7,0,17.5
2022020997,40,7,0,17.5
2022021055,40,7,0,17.5
2022021282,80,14,0,17.5
2023020359,40,7,0,17.5
2023021002,40,7,0,17.5
2023021074,40,7,0,17.5
2024020360,80,14,0,17.5
2024020896,40,7,0,17.5
2024020912,40,7,0,17.5
2024021200,40,7,0,17.5
2022020287,57,10,0,17.54
2022020730,57,10,0,17.54
2022021230,57,10,0,17.54
2023020046,57,10,0,17.54
2022020797,34,6,0,17.65
2022020888,34,6,0,17.65
2022021125,68,12,0,17.65
2023020377,68,12,0,17.65
2023021114,34,6,0,17.65
2024020329,51,9,0,17.65
2024020500,17,3,0,17.65
2024020905,51,9,0,17.65
2024020129,79,14,0,17.72
2022020384,62,11,0,17.74
2023020139,62,11,0,17.74
2023020753,62,11,0,17.74
2023020772,62,11,0,17.74
2024021309,62,11,0,17.74
2022020721,107,19,0,17.76
2022020109,45,8,0,17.78
2022020115,45,8,0,17.78
2022020138,45,8,0,17.78
2023020115,45,8,0,17.78
2023020738,45,8,0,17.78
2023020834,45,8,0,17.78
2022021038,73,13,0,17.81
2022021308,73,13,0,17.81
2024020549,73,13,0,17.81
2022021136,28,5,0,17.86
2023020536,56,10,0,17.86
2022021043,67,12,0,17.91
2024020761,67,12,0,17.91
2022020091,39,7,0,17.95
2023020509,39,7,0,17.95
2023020881,50,9,0,18.0
2024020187,111,20,0,18.02
2022020177,72,13,0,18.06
2024020804,72,13,0,18.06
2022020331,66,12,0,18.18
2022020570,33,6,0,18.18
2022020604,55,10,0,18.18
2022021205,77,14,0,18.18
2022021277,33,6,0,18.18
2023020061,44,8,0,18.18
2023020184,22,4,0,18.18
2023020304,44,8,0,18.18
2023020312,33,6,0,18.18
2023020373,33,6,0,18.18
2023020463,55,10,0,18.18
2023020603,22,4,0,18.18
2023020683,44,8,0,18.18
2023020758,22,4,0,18.18
2023020865,77,14,0,18.18
2023021110,33,6,0,18.18
2023021113,22,4,0,18.18
2023021243,44,8,0,18.18
2024020122,55,10,0,18.18
2024020124,33,6,0,18.18
2024020126,55,10,0,18.18
2024020175,44,8,0,18.18
2024020304,77,14,0,18.18
2024021108,22,4,0,18.18
2022020317,93,17,0,18.28
2022020326,71,13,0,18.31
2022020397,71,13,0,18.31
2022020737,71,13,0,18.31
2024020185,71,13,0,18.31
2022020032,60,11,0,18.33
2022020839,60,11,0,18.33
2022020991,60,11,0,18.33
2023020673,60,11,0,18.33
2024020688,60,11,0,18.33
2022020047,49,9,0,18.37
2022020438,49,9,0,18.37
2023020307,49,9,0,18.37
2023020668,49,9,0,18.37
2024020594,49,9,0,18.37
2022020337,38,7,0,18.42
2022020679,38,7,0,18.42
2023020121,38,7,0,18.42
2023020440,38,7,0,18.42
2024020275,38,7,0,18.42
2022020828,65,12,0,18.46
2023020411,65,12,0,18.46
2024020562,65,12,0,18.46
2022020292,54,10,0,18.52
2022020537,54,10,0,18.52
2022020616,54,10,0,18.52
2024021030,27,5,0,18.52
2024021227,27,5,0,18.52
2023020002,70,13,0,18.57
2024020520,70,13,0,18.57
2024020584,70,13,0,18.57
2023020185,43,8,0,18.6
2022020238,59,11,0,18.64
2022020437,59,11,0,18.64
2022020765,59,11,0,18.64
2022020916,59,11,0,18.64
2023020091,59,11,0,18.64
2023020326,59,11,0,18.64
2024020416,59,11,0,18.64
2022020414,80,15,0,18.75
2023020137,48,9,0,18.75
2023020570,48,9,0,18.75
2023020802,32,6,0,18.75
2023021272,16,3,0,18.75
2024020276,64,12,0,18.75
2024020404,32,6,0,18.75
2024020990,64,12,0,18.75
2024020999,16,3,0,18.75
2024021054,32,6,0,18.75
2022021274,69,13,0,18.84
2022020249,53,10,0,18.87
2022020563,53,10,0,18.87
2023021084,53,10,0,18.87
2024020818,53,10,0,18.87
2022020474,37,7,0,18.92
2022020724,37,7,0,18.92
2022021109,74,14,0,18.92
2023020133,37,7,0,18.92
2023020945,37,7,0,18.92
2024020091,74,14,0,18.92
2024020270,37,7,0,18.92
2024020794,37,7,0,18.92
2024020735,58,11,0,18.97
2024021034,79,15,0,18.99
2022020618,63,12,0,19.05
2022020847,63,12,0,19.05
2022021239,21,4,0,19.05
2023020811,42,8,0,19.05
2023020857,42,8,0,19.05
2023021115,21,4,0,19.05
2024020359,21,4,0,19.05
2024020509,21,4,0,19.05
2024020519,21,4,0,19.05
2024021015,63,12,0,19.05
2024021162,21,4,0,19.05
2024021192,42,8,0,19.05
2024021229,42,8,0,19.05
2022020022,68,13,0,19.12
2024020845,68,13,0,19.12
2022020073,47,9,0,19.15
2022021112,47,9,0,19.15
2023020063,47,9,0,19.15
2023020701,47,9,0,19.15
2023020856,47,9,0,19.15
2024020198,47,9,0,19.15
2024020258,47,9,0,19.15
2024020722,47,9,0,19.15
2024020745,47,9,0,19.15
2022021122,73,14,0,19.18
2022021267,73,14,0,19.18
2024020035,73,14,0,19.18
2022020872,99,19,0,19.19
2022020034,78,15,0,19.23
2022020224,52,10,0,19.23
2022020793,52,10,0,19.23
2022021003,26,5,0,19.23
2022021163,26,5,0,19.23
2022021172,26,5,0,19.23
2022021304,26,5,0,19.23
2023020219,52,10,0,19.23
2024020288,52,10,0,19.23
2023020004,83,16,0,19.28
2022020012,57,11,0,19.3
2022021053,57,11,0,19.3
2022021283,57,11,0,19.3
2023020218,57,11,0,19.3
2023020828,57,11,0,19.3
2023021090,57,11,0,19.3
2024020141,57,11,0,19.3
2024020370,57,11,0,19.3
2024020495,57,11,0,19.3
2024021100,57,11,0,19.3
2022020656,62,12,0,19.35
2022020981,62,12,0,19.35
2023020067,62,12,0,19.35
2023021119,31,6,0,19.35
2023021167,31,6,0,19.35
2023021261,31,6,0,19.35
2024020163,31,6,0,19.35
2022020198,67,13,0,19.4
2023020019,72,14,0,19.44
2023020688,36,7,0,19.44
2024020259,72,14,0,19.44
2024020449,36,7,0,19.44
2024020701,36,7,0,19.44
2024020854,36,7,0,19.44
2022020015,82,16,0,19.51
2023020183,82,16,0,19.51
2023020241,41,8,0,19.51
2023020767,41,8,0,19.51
2023020889,41,8,0,19.51
2023021220,41,8,0,19.51
2024020146,41,8,0,19.51
2024020511,41,8,0,19.51
2024021071,41,8,0,19.51
2022020756,46,9,0,19.57
2022021176,46,9,0,19.57
2023020771,46,9,0,19.57
2023020878,46,9,0,19.57
2024020354,46,9,0,19.57
2024020873,46,9,0,19.57
2022020588,51,10,0,19.61
2022020850,51,10,0,19.61
2022021002,51,10,0,19.61
2022021302,51,10,0,19.61
2023020041,102,20,0,19.61
2022020029,56,11,0,19.64
2023021105,56,11,0,19.64
2022020059,66,13,0,19.7
2022020646,66,13,0,19.7
2023020978,66,13,0,19.7
2023021058,66,13,0,19.7
2024020367,66,13,0,19.7
2023020434,71,14,0,19.72
2024020915,71,14,0,19.72
2024021210,71,14,0,19.72
2022020207,76,15,0,19.74
2022021261,76,15,0,19.74
2024020044,86,17,0,19.77
2024020120,96,19,0,19.79
2022020002,75,15,0,20.0
2022020074,80,16,0,20.0
2022020126,55,11,0,20.0
2022020148,110,22,0,20.0
2022020334,45,9,0,20.0
2022020458,20,4,0,20.0
2022020471,55,11,0,20.0
2022020473,70,14,0,20.0
2022020483,105,21,0,20.0
2022020516,75,15,0,20.0
2022020519,55,11,0,20.0
2022020528,50,10,0,20.0
2022020653,20,4,0,20.0
2022020677,80,16,0,20.0
2022020745,30,6,0,20.0
2022020762,50,10,0,20.0
2022021126,30,6,0,20.0
2022021210,55,11,0,20.0
2023020006,45,9,0,20.0
2023020055,40,8,0,20.0
2023020058,25,5,0,20.0
2023020094,55,11,0,20.0
2023020380,50,10,0,20.0
2023020658,45,9,0,20.0
2023020692,50,10,0,20.0
2023020741,65,13,0,20.0
2023020791,30,6,0,20.0
2023020807,45,9,0,20.0
2023021229,15,3,0,20.0
2024020052,50,10,0,20.0
2024020084,60,12,0,20.0
2024020237,35,7,0,20.0
2024020339,35,7,0,20.0
2024020381,30,6,0,20.0
2024020389,40,8,0,20.0
2024020674,40,8,0,20.0
2024020731,20,4,0,20.0
2024020806,45,9,0,20.0
2024020843,70,14,0,20.0
2024020848,45,9,0,20.0
2024020852,25,5,0,20.0
2024020879,30,6,0,20.0
2024020980,20,4,0,20.0
2024021019,50,10,0,20.0
2024021042,40,8,0,20.0
2024021091,30,6,0,20.0
2024021097,20,4,0,20.0
2024021125,35,7,0,20.0
2024021176,60,12,0,20.0
2024021184,50,10,0,20.0
2024021215,45,9,0,20.0
2024021221,45,9,0,20.0
2023021190,94,19,0,20.21
2022020364,84,17,0,20.24
2023020333,69,14,0,20.29
2024021171,69,14,0,20.29
2022020490,64,13,0,20.31
2022020268,59,12,0,20.34
2022021080,59,12,0,20.34
2024020165,59,12,0,20.34
2024020290,59,12,0,20.34
2022020573,54,11,0,20.37
2023020083,54,11,0,20.37
2023020305,54,11,0,20.37
2023021011,54,11,0,20.37
2023021016,54,11,0,20.37
2022021271,49,10,0,20.41
2024020433,49,10,0,20.41
2024020011,88,18,0,20.45
2024020438,44,9,0,20.45
2023020795,68,14,0,20.59
2024020737,34,7,0,20.59
2024021090,68,14,0,20.59
2024021231,34,7,0,20.59
2023020913,97,20,0,20.62
2023020296,63,13,0,20.63
2024020578,63,13,0,20.63
2022020562,92,19,0,20.65
2022020037,29,6,0,20.69
2022020353,58,12,0,20.69
2022020736,29,6,0,20.69
2022020947,29,6,0,20.69
2022021006,29,6,0,20.69
2023020051,87,18,0,20.69
2023020176,29,6,0,20.69
2023020227,29,6,0,20.69
2023020924,29,6,0,20.69
2024020486,29,6,0,20.69
2023020015,53,11,0,20.75
2023021030,53,11,0,20.75
2023021046,53,11,0,20.75
2024020043,53,11,0,20.75
2024020188,53,11,0,20.75
2024020234,53,11,0,20.75
2024020621,53,11,0,20.75
2023020466,77,16,0,20.78
2023020696,77,16,0,20.78
2022020335,48,10,0,20.83
2022020880,48,10,0,20.83
2023020873,48,10,0,20.83
2023020908,24,5,0,20.83
2024020963,72,15,0,20.83
2024020997,24,5,0,20.83
2024021174,24,5,0,20.83
2024020211,91,19,0,20.88
2022020452,43,9,0,20.93
2022020878,43,9,0,20.93
2022021097,43,9,0,20.93
2023020308,43,9,0,20.93
2023021103,43,9,0,20.93
2024021026,43,9,0,20.93
2024021201,43,9,0,20.93
2024020410,62,13,0,20.97
2024020933,62,13,0,20.97
2023020288,81,17,0,20.99
2022020852,100,21,0,21.0
2022020083,38,8,0,21.05
2022020097,38,8,0,21.05
2022020365,95,20,0,21.05
2022020415,38,8,0,21.05
2022020758,76,16,0,21.05
2022020902,38,8,0,21.05
2024020604,19,4,0,21.05
2024020625,38,8,0,21.05
2024020824,38,8,0,21.05
2024020846,38,8,0,21.05
2024020890,19,4,0,21.05
2024020913,57,12,0,21.05
2024020917,38,8,0,21.05
2024021167,19,4,0,21.05
2023020606,52,11,0,21.15
2023020665,52,11,0,21.15
2024020422,52,11,0,21.15
2022020182,66,14,0,21.21
2022020366,33,7,0,21.21
2022020631,33,7,0,21.21
2022020743,33,7,0,21.21
2022021131,33,7,0,21.21
2023020710,33,7,0,21.21
2023020916,33,7,0,21.21
2023020933,33,7,0,21.21
2023021162,99,21,0,21.21
2024020208,33,7,0,21.21
2024020294,33,7,0,21.21
2024020800,33,7,0,21.21
2024020904,33,7,0,21.21
2024021064,33,7,0,21.21
2022021215,47,10,0,21.28
2023020360,47,10,0,21.28
2023021280,47,10,0,21.28
2024020115,47,10,0,21.28
2024020150,47,10,0,21.28
2024020464,47,10,0,21.28
2024020421,61,13,0,21.31
2022020065,56,12,0,21.43
2022020150,14,3,0,21.43
2022020870,56,12,0,21.43
2022020974,56,12,0,21.43
2023020412,70,15,0,21.43
2023020497,42,9,0,21.43
2023020640,42,9,0,21.43
2023020722,42,9,0,21.43
2023020868,42,9,0,21.43
2023020967,84,18,0,21.43
2023020977,42,9,0,21.43
2023021310,28,6,0,21.43
2024020552,42,9,0,21.43
2023020076,65,14,0,21.54
2022020925,51,11,0,21.57
2023021205,51,11,0,21.57
2024020366,51,11,0,21.57
2024020447,51,11,0,21.57
2024020767,51,11,0,21.57
2022020327,37,8,0,21.62
2022020734,37,8,0,21.62
2022021071,74,16,0,21.62
2023020321,74,16,0,21.62
2024020884,37,8,0,21.62
2024021008,37,8,0,21.62
2022020453,60,13,0,21.67
2024020012,106,23,0,21.7
2022020597,69,15,0,21.74
2022020766,46,10,0,21.74
2023020232,46,10,0,21.74
2023020444,46,10,0,21.74
2024020083,69,15,0,21.74
2024020398,46,10,0,21.74
2024021158,78,17,0,21.79
2022020146,55,12,0,21.82
2023020680,55,12,0,21.82
2024020383,55,12,0,21.82
2022020440,32,7,0,21.88
2022020482,32,7,0,21.88
2022021013,32,7,0,21.88
2023020464,32,7,0,21.88
2023021175,64,14,0,21.88
2024020111,64,14,0,21.88
2024020403,32,7,0,21.88
2024020408,32,7,0,21.88
2024020996,64,14,0,21.88
2024021188,32,7,0,21.88
2023020178,73,16,0,21.92
2022020071,82,18,0,21.95
2022020805,41,9,0,21.95
2023020362,82,18,0,21.95
2023020711,41,9,0,21.95
2024020007,41,9,0,21.95
2022020875,50,11,0,22.0
2023020447,50,11,0,22.0
2023021219,50,11,0,22.0
2024020575,59,13,0,22.03
2024020681,59,13,0,22.03
2022020222,86,19,0,22.09
2022020300,27,6,0,22.22
2022020340,54,12,0,22.22
2022020355,27,6,0,22.22
2022020530,45,10,0,22.22
2023020043,45,10,0,22.22
2023020138,72,16,0,22.22
2023020149,63,14,0,22.22
2023020162,63,14,0,22.22
2023020306,72,16,0,22.22
2023020803,36,8,0,22.22
2024020057,45,10,0,22.22
2024020314,54,12,0,22.22
2024020412,45,10,0,22.22
2024020414,45,10,0,22.22
2024020690,45,10,0,22.22
2024020928,27,6,0,22.22
2024021055,27,6,0,22.22
2024021063,27,6,0,22.22
2024021118,45,10,0,22.22
2023020602,94,21,0,22.34
2023020316,76,17,0,22.37
2022020782,67,15,0,22.39
2022020684,58,13,0,22.41
2023020179,58,13,0,22.41
2024020238,58,13,0,22.41
2022020004,49,11,0,22.45
2022020125,49,11,0,22.45
2023020756,98,22,0,22.45
2023021027,49,11,0,22.45
2023021033,49,11,0,22.45
2023021097,49,11,0,22.45
2024020103,49,11,0,22.45
2023020561,40,9,0,22.5
2023020926,40,9,0,22.5
2023021239,40,9,0,22.5
2024020130,40,9,0,22.5
2024020455,40,9,0,22.5
2024021082,40,9,0,22.5
2022020518,31,7,0,22.58
2023020078,31,7,0,22.58
2024020296,31,7,0,22.58
2024020919,62,14,0,22.58
2024020586,84,19,0,22.62
2022020117,44,10,0,22.73
2022020693,44,10,0,22.73
2022021294,66,15,0,22.73
2023020016,22,5,0,22.73
2023020353,22,5,0,22.73
2023020384,22,5,0,22.73
2023021085,44,10,0,22.73
2024020168,44,10,0,22.73
2024021164,44,10,0,22.73
2024021299,22,5,0,22.73
2022020114,57,13,0,22.81
2022020216,57,13,0,22.81
2022020165,35,8,0,22.86
2022020486,70,16,0,22.86
2022020995,35,8,0,22.86
2023020851,35,8,0,22.86
2023021172,35,8,0,22.86
2024020630,35,8,0,22.86
2022020028,48,11,0,22.92
2023020779,48,11,0,22.92
2023020017,61,14,0,22.95
2023021237,61,14,0,22.95
2022020103,74,17,0,22.97
2022020241,74,17,0,22.97
2023020507,74,17,0,22.97
2022020214,39,9,0,23.08
2022020278,39,9,0,23.08
2022020763,52,12,0,23.08
2022020816,13,3,0,23.08
2022020951,26,6,0,23.08
2022020983,26,6,0,23.08
2022021135,65,15,0,23.08
2023020215,65,15,0,23.08
2023020302,39,9,0,23.08
2023020575,39,9,0,23.08
2023020592,65,15,0,23.08
2023020942,26,6,0,23.08
2023020953,52,12,0,23.08
2023021051,39,9,0,23.08
2023021226,78,18,0,23.08
2024020045,82,19,0,23.17
2024020929,82,19,0,23.17
2022021246,56,13,0,23.21
2023021199,56,13,0,23.21
2023020891,99,23,0,23.23
2022020052,86,20,0,23.26
2022020935,43,10,0,23.26
2023020350,43,10,0,23.26
2023020693,43,10,0,23.26
2023021120,43,10,0,23.26
2024020893,43,10,0,23.26
2022020194,60,14,0,23.33
2022020683,30,7,0,23.33
2022020814,60,14,0,23.33
2023020798,60,14,0,23.33
2024020210,30,7,0,23.33
2022020042,47,11,0,23.4
2022020892,47,11,0,23.4
2023020355,47,11,0,23.4
2023020724,64,15,0,23.44
2024020862,64,15,0,23.44
2022020634,81,19,0,23.46
2024020195,81,19,0,23.46
2022020147,51,12,0,23.53
2022020376,51,12,0,23.53
2022020722,34,8,0,23.53
2022020899,34,8,0,23.53
2022021158,51,12,0,23.53
2023020617,51,12,0,23.53
2023020898,17,4,0,23.53
2023021005,17,4,0,23.53
2023021070,17,4,0,23.53
2023021251,51,12,0,23.53
2024020016,51,12,0,23.53
2024020017,102,24,0,23.53
2024020434,34,8,0,23.53
2024020481,17,4,0,23.53
2024020527,68,16,0,23.53
2024020531,51,12,0,23.53
2024020770,17,4,0,23.53
2024020774,34,8,0,23.53
2024020953,51,12,0,23.53
2022020799,76,18,0,23.68
2024020002,76,18,0,23.68
2024020364,76,18,0,23.68
2024020456,38,9,0,23.68
2024020853,76,18,0,23.68
2023020609,59,14,0,23.73
2024020814,59,14,0,23.73
2024021294,59,14,0,23.73
2022020215,42,10,0,23.81
2022020416,42,10,0,23.81
2022020534,63,15,0,23.81
2022020567,42,10,0,23.81
2022020917,63,15,0,23.81
2024020059,42,10,0,23.81
2024020078,21,5,0,23.81
2024020136,21,5,0,23.81
2024020356,21,5,0,23.81
2024020371,42,10,0,23.81
2024020590,42,10,0,23.81
2022020110,46,11,0,23.91
2022020136,92,22,0,23.91
2022021073,46,11,0,23.91
2024021037,46,11,0,23.91
2022020354,71,17,0,23.94
2022020457,71,17,0,23.94
2022020869,25,6,0,24.0
2023020483,75,18,0,24.0
2024020056,75,18,0,24.0
2024020850,25,6,0,24.0
2022021270,54,13,0,24.07
2023020331,54,13,0,24.07
2023020477,54,13,0,24.07
2023020650,54,13,0,24.07
2023021263,54,13,0,24.07
2022020842,83,20,0,24.1
2022020121,29,7,0,24.14
2022020171,29,7,0,24.14
2022020422,29,7,0,24.14
2022021228,87,21,0,24.14
2023020276,87,21,0,24.14
2023020618,29,7,0,24.14
2023021152,58,14,0,24.14
2023021245,29,7,0,24.14
2024020716,29,7,0,24.14
2024020872,58,14,0,24.14
2024021306,29,7,0,24.14
2022020733,91,22,0,24.18
2022020108,62,15,0,24.19
2023020797,62,15,0,24.19
2022020111,66,16,0,24.24
2022020645,99,24,0,24.24
2023020134,33,8,0,24.24
2023021184,66,16,0,24.24
2024020299,33,8,0,24.24
2024020373,66,16,0,24.24
2024020105,70,17,0,24.29
2022020231,37,9,0,24.32
2022020459,37,9,0,24.32
2022021153,37,9,0,24.32
2023020543,37,9,0,24.32
2023020909,37,9,0,24.32
2024020336,78,19,0,24.36
2022020196,41,10,0,24.39
2022021102,41,10,0,24.39
2023020093,41,10,0,24.39
2023020481,41,10,0,24.39
2023021057,41,10,0,24.39
2023020580,45,11,0,24.44
2023021212,45,11,0,24.44
2024020467,45,11,0,24.44
2022021218,49,12,0,24.49
2023020981,49,12,0,24.49
2024020967,98,24,0,24.49
2024020758,53,13,0,24.53
2024021223,53,13,0,24.53
2022020275,61,15,0,24.59
2023020810,65,16,0,24.62
2022020590,69,17,0,24.64
2023021213,69,17,0,24.64
2022020544,73,18,0,24.66
2022020227,81,20,0,24.69
2022020188,40,10,0,25.0
2022020218,16,4,0,25.0
2022020345,24,6,0,25.0
2022020401,32,8,0,25.0
2022020417,64,16,0,25.0
2022020456,32,8,0,25.0
2022020529,60,15,0,25.0
2022020606,56,14,0,25.0
2022020608,56,14,0,25.0
2022020767,52,13,0,25.0
2022020845,72,18,0,25.0
2022020862,44,11,0,25.0
2022020885,20,5,0,25.0
2022020939,40,10,0,25.0
2022021028,52,13,0,25.0
2022021041,32,8,0,25.0
2022021075,32,8,0,25.0
2022021101,32,8,0,25.0
2022021312,48,12,0,25.0
2023020007,80,20,0,25.0
2023020074,64,16,0,25.0
2023020090,60,15,0,25.0
2023020101,16,4,0,25.0
2023020113,60,15,0,25.0
2023020202,44,11,0,25.0
2023020221,60,15,0,25.0
2023020449,48,12,0,25.0
2023020560,40,10,0,25.0
2023020625,12,3,0,25.0
2023020637,48,12,0,25.0
2023020695,36,9,0,25.0
2023020698,60,15,0,25.0
2023020757,48,12,0,25.0
2023020777,20,5,0,25.0
2023020848,72,18,0,25.0
2023020982,28,7,0,25.0
2023020983,36,9,0,25.0
2023021004,12,3,0,25.0
2023021161,44,11,0,25.0
2023021200,60,15,0,25.0
2023021201,52,13,0,25.0
2023021256,24,6,0,25.0
2023021289,56,14,0,25.0
2024020065,12,3,0,25.0
2024020143,60,15,0,25.0
2024020219,52,13,0,25.0
2024020235,28,7,0,25.0
2024020285,20,5,0,25.0
2024020307,52,13,0,25.0
2024020363,36,9,0,25.0
2024020657,20,5,0,25.0
2024020819,76,19,0,25.0
2024020886,44,11,0,25.0
2024021038,32,8,0,25.0
2024021085,40,10,0,25.0
2024021116,44,11,0,25.0
2024021140,24,6,0,25.0
2024021305,44,11,0,25.0
2023020419,75,19,0,25.33
2023020347,71,18,0,25.35
2023020842,67,17,0,25.37
2022021226,59,15,0,25.42
2024020348,59,15,0,25.42
2023020037,55,14,0,25.45
2023020415,55,14,0,25.45
2022020569,51,13,0,25.49
2022021074,51,13,0,25.49
2022020246,47,12,0,25.53
2023020784,90,23,0,25.56
2023020291,43,11,0,25.58
2023021194,43,11,0,25.58
2024020987,43,11,0,25.58
2022020296,39,10,0,25.64
2022020698,39,10,0,25.64
2023021077,39,10,0,25.64
2024020107,39,10,0,25.64
2024020828,78,20,0,25.64
2022020697,35,9,0,25.71
2022020903,70,18,0,25.71
2024020957,35,9,0,25.71
2022020210,66,17,0,25.76
2023020550,31,8,0,25.81
2023020812,31,8,0,25.81
2024020785,31,8,0,25.81
2022020512,58,15,0,25.86
2023020155,58,15,0,25.86
2023020356,58,15,0,25.86
2022020867,27,7,0,25.93
2022020964,54,14,0,25.93
2023020611,27,7,0,25.93
2024020018,50,13,0,26.0
2024020351,50,13,0,26.0
2022020142,23,6,0,26.09
2022020209,46,12,0,26.09
2022020854,46,12,0,26.09
2024020081,69,18,0,26.09
2024020695,23,6,0,26.09
2024021179,23,6,0,26.09
2022020996,42,11,0,26.19
2022021054,42,11,0,26.19
2023021269,42,11,0,26.19
2022020833,61,16,0,26.23
2022020240,38,10,0,26.32
2022020286,19,5,0,26.32
2022020796,38,10,0,26.32
2022021004,19,5,0,26.32
2023020065,76,20,0,26.32
2024020189,38,10,0,26.32
2024020220,38,10,0,26.32
2024020833,57,15,0,26.32
2024020892,19,5,0,26.32
2022020252,53,14,0,26.42
2022020273,34,9,0,26.47
2022020961,68,18,0,26.47
2022020989,34,9,0,26.47
2022021029,34,9,0,26.47
2023020027,34,9,0,26.47
2023020788,34,9,0,26.47
2024020561,34,9,0,26.47
2023020840,49,13,0,26.53
2024021151,49,13,0,26.53
2023020397,15,4,0,26.67
2023020912,45,12,0,26.67
2023021242,15,4,0,26.67
2023021278,15,4,0,26.67
2024020029,30,8,0,26.67
2024020086,60,16,0,26.67
2024020116,30,8,0,26.67
2024020427,15,4,0,26.67
2024020550,30,8,0,26.67
2024020602,60,16,0,26.67
2024020949,45,12,0,26.67
2023020654,71,19,0,26.76
2023020135,56,15,0,26.79
2024020601,41,11,0,26.83
2024021079,41,11,0,26.83
2022020957,67,18,0,26.87
2022021062,26,7,0,26.92
2022021150,104,28,0,26.92
2022021155,26,7,0,26.92
2023020453,26,7,0,26.92
2023020544,26,7,0,26.92
2024020780,26,7,0,26.92
2024020921,26,7,0,26.92
2024021222,26,7,0,26.92
2022020164,63,17,0,26.98
2023020152,63,17,0,26.98
2022020266,37,10,0,27.03
2022020578,74,20,0,27.03
2022020660,37,10,0,27.03
2022021219,37,10,0,27.03
2023020890,37,10,0,27.03
2023020369,48,13,0,27.08
2023021148,48,13,0,27.08
2024020377,48,13,0,27.08
2024021061,48,13,0,27.08
2023020745,59,16,0,27.12
2023020773,59,16,0,27.12
2024020918,70,19,0,27.14
2022020350,11,3,0,27.27
2022020547,11,3,0,27.27
2022020639,66,18,0,27.27
2023020320,55,15,0,27.27
2023020494,33,9,0,27.27
2023020559,55,15,0,27.27
2023021020,66,18,0,27.27
2024020255,22,6,0,27.27
2024020357,44,12,0,27.27
2024020607,55,15,0,27.27
2024021010,33,9,0,27.27
2024021149,33,9,0,27.27
2022021245,128,35,0,27.34
2022020211,95,26,0,27.37
2022020274,62,17,0,27.42
2022021180,91,25,0,27.47
2023020433,40,11,0,27.5
2024020825,40,11,0,27.5
2024021050,40,11,0,27.5
2024020053,69,19,0,27.54
2023020157,29,8,0,27.59
2023020437,29,8,0,27.59
2023020168,47,13,0,27.66
2023020427,47,13,0,27.66
2023020793,47,13,0,27.66
2023021147,47,13,0,27.66
2023020950,65,18,0,27.69
2022020652,83,23,0,27.71
2024020101,83,23,0,27.71
2022020220,54,15,0,27.78
2022020319,36,10,0,27.78
2023020655,36,10,0,27.78
2023020660,54,15,0,27.78
2023020737,54,15,0,27.78
2024020191,54,15,0,27.78
2024021033,36,10,0,27.78
2022020985,97,27,0,27.84
2022020600,61,17,0,27.87
2022020933,61,17,0,27.87
2024021152,61,17,0,27.87
2023020156,43,12,0,27.91
2024021143,43,12,0,27.91
2022020846,75,21,0,28.0
2022020928,50,14,0,28.0
2022020680,32,9,0,28.13
2024020050,32,9,0,28.13
2022020308,78,22,0,28.21
2022021089,39,11,0,28.21
2023020929,39,11,0,28.21
2024020489,39,11,0,28.21
2022020980,46,13,0,28.26
2024020521,46,13,0,28.26
2022020832,53,15,0,28.3
2022021138,53,15,0,28.3
2023020734,60,17,0,28.33
2024020577,81,23,0,28.4
2022020472,102,29,0,28.43
2022020687,35,10,0,28.57
2022020702,21,6,0,28.57
2022020923,35,10,0,28.57
2022020998,49,14,0,28.57
2022021060,14,4,0,28.57
2022021123,35,10,0,28.57
2022021209,28,8,0,28.57
2023021282,28,8,0,28.57
2024020152,56,16,0,28.57
2024020497,63,18,0,28.57
2024020523,35,10,0,28.57
2024020831,14,4,0,28.57
2023020480,80,23,0,28.75
2022020439,73,21,0,28.77
2022021118,66,19,0,28.79
2024021012,66,19,0,28.79
2024021195,59,17,0,28.81
2022020213,45,13,0,28.89
2024020786,45,13,0,28.89
2022020038,38,11,0,28.95
2024020667,38,11,0,28.95
2023020976,69,20,0,28.99
2023021102,69,20,0,28.99
2022020945,62,18,0,29.03
2024020536,62,18,0,29.03
2024020158,55,16,0,29.09
2024020499,55,16,0,29.09
2022020911,24,7,0,29.17
2022020988,24,7,0,29.17
2022021147,24,7,0,29.17
2024020262,24,7,0,29.17
2024020513,24,7,0,29.17
2024020759,24,7,0,29.17
2024021311,24,7,0,29.17
2023020527,65,19,0,29.23
2022020011,82,24,0,29.27
2023020158,41,12,0,29.27
2024020350,41,12,0,29.27
2023020931,58,17,0,29.31
2023021047,58,17,0,29.31
2022020748,34,10,0,29.41
2023020073,51,15,0,29.41
2023020409,34,10,0,29.41
2023020430,51,15,0,29.41
2023021133,34,10,0,29.41
2024021093,34,10,0,29.41
2024020125,61,18,0,29.51
2023020085,44,13,0,29.55
2023020796,44,13,0,29.55
2024020463,44,13,0,29.55
2023020729,27,8,0,29.63
2023021121,54,16,0,29.63
2024020484,27,8,0,29.63
2024020994,27,8,0,29.63
2023020585,64,19,0,29.69
2024020772,37,11,0,29.73
2024021043,37,11,0,29.73
2023020728,47,14,0,29.79
2024021076,47,14,0,29.79
2024020172,57,17,0,29.82
2022020395,40,12,0,30.0
2022020609,20,6,0,30.0
2023020277,30,9,0,30.0
2023020551,50,15,0,30.0
2024020096,40,12,0,30.0
2024020788,10,3,0,30.0
2022021048,73,22,0,30.14
2022021151,96,29,0,30.21
2022020577,43,13,0,30.23
2023020393,43,13,0,30.23
2022020030,33,10,0,30.3
2022020133,33,10,0,30.3
2022020941,23,7,0,30.43
2022021252,23,7,0,30.43
2023020106,46,14,0,30.43
2024020222,69,21,0,30.43
2022020676,59,18,0,30.51
2023020254,59,18,0,30.51
2022020212,36,11,0,30.56
2022020313,36,11,0,30.56
2023021112,36,11,0,30.56
2022021298,62,19,0,30.65
2023020199,75,23,0,30.67
2022020343,52,16,0,30.77
2022020556,13,4,0,30.77
2022020836,13,4,0,30.77
2022020908,65,20,0,30.77
2022021014,65,20,0,30.77
2022021227,39,12,0,30.77
2023020631,39,12,0,30.77
2023021095,39,12,0,30.77
2023021137,13,4,0,30.77
2024020504,13,4,0,30.77
2024020547,65,20,0,30.77
2024020588,39,12,0,30.77
2024020740,26,8,0,30.77
2024020327,55,17,0,30.91
2022020755,42,13,0,30.95
2022020895,42,13,0,30.95
2022020265,58,18,0,31.03
2023020159,29,9,0,31.03
2023020526,116,36,0,31.03
2023020198,74,23,0,31.08
2022020399,61,19,0,31.15
2024020177,32,10,0,31.25
2024020558,16,5,0,31.25
2022021008,67,21,0,31.34
2023020283,67,21,0,31.34
2024020087,51,16,0,31.37
2023020286,35,11,0,31.43
2023020883,35,11,0,31.43
2023020143,54,17,0,31.48
2022020627,38,12,0,31.58
2022021190,19,6,0,31.58
2023020523,38,12,0,31.58
2023020805,76,24,0,31.58
2024020952,76,24,0,31.58
2023020961,60,19,0,31.67
2024021199,41,13,0,31.71
2022020297,63,20,0,31.75
2024020793,63,20,0,31.75
2022020067,44,14,0,31.82
2022020253,66,21,0,31.82
2023020742,44,14,0,31.82
2024020265,47,15,0,31.91
2023020478,72,23,0,31.94
2022020305,50,16,0,32.0
2023020084,100,32,0,32.0
2023020951,25,8,0,32.0
2024020089,75,24,0,32.0
2024020300,50,16,0,32.0
2024020409,25,8,0,32.0
2022020757,53,17,0,32.08
2023020230,53,17,0,32.08
2024020655,53,17,0,32.08
2022020632,28,9,0,32.14
2022021249,28,9,0,32.14
2024021080,28,9,0,32.14
2022020420,59,19,0,32.2
2022020001,62,20,0,32.26
2022020248,62,20,0,32.26
2023021191,31,10,0,32.26
2024020713,31,10,0,32.26
2024021155,31,10,0,32.26
2024020954,65,21,0,32.31
2023020534,34,11,0,32.35
2023020896,34,11,0,32.35
2023021140,34,11,0,32.35
2024020901,34,11,0,32.35
2022020031,71,23,0,32.39
2023020892,37,12,0,32.43
2024020347,40,13,0,32.5
2022021108,43,14,0,32.56
2022020377,46,15,0,32.61
2023020258,46,15,0,32.61
2024020537,49,16,0,32.65
2024020098,52,17,0,32.69
2024020446,52,17,0,32.69
2024020647,52,17,0,32.69
2023020853,61,20,0,32.79
2022020175,88,29,0,32.95
2022020602,36,12,0,33.33
2022020794,45,15,0,33.33
2022021132,48,16,0,33.33
2022021300,27,9,0,33.33
2023020072,30,10,0,33.33
2023020147,81,27,0,33.33
2023020151,48,16,0,33.33
2023020376,18,6,0,33.33
2023020432,33,11,0,33.33
2023020455,27,9,0,33.33
2023020457,39,13,0,33.33
2023020989,21,7,0,33.33
2023021029,27,9,0,33.33
2023021055,57,19,0,33.33
2023021143,54,18,0,33.33
2024020060,57,19,0,33.33
2024020292,75,25,0,33.33
2024020430,48,16,0,33.33
2024020470,15,5,0,33.33
2024020860,27,9,0,33.33
2024020907,42,14,0,33.33
2024020985,51,17,0,33.33
2024021048,33,11,0,33.33
2024021190,45,15,0,33.33
2024021216,15,5,0,33.33
2024020164,95,32,0,33.68
2023020029,80,27,0,33.75
2023020610,59,20,0,33.9
2023021007,59,20,0,33.9
2024020724,56,19,0,33.93
2023020671,50,17,0,34.0
2023020841,50,17,0,34.0
2024021014,47,16,0,34.04
2023020388,44,15,0,34.09
2023021227,38,13,0,34.21
2022021295,35,12,0,34.29
2022020668,64,22,0,34.38
2024020714,32,11,0,34.38
2022020999,29,10,0,34.48
2022021104,29,10,0,34.48
2022021260,58,20,0,34.48
2023020328,29,10,0,34.48
2024021114,58,20,0,34.48
2023020226,55,19,0,34.55
2023020263,55,19,0,34.55
2022020418,52,18,0,34.62
2022020434,78,27,0,34.62
2024020008,26,9,0,34.62
2022020230,46,16,0,34.78
2023020576,69,24,0,34.78
2024021206,46,16,0,34.78
2024020148,66,23,0,34.85
2024020897,43,15,0,34.88
2022020276,60,21,0,35.0
2024020021,40,14,0,35.0
2024020823,60,21,0,35.0
2023020330,54,19,0,35.19
2022020651,34,12,0,35.29
2023020044,51,18,0,35.29
2023020266,51,18,0,35.29
2024020471,17,6,0,35.29
2024020569,17,6,0,35.29
2022020943,48,17,0,35.42
2024021009,45,16,0,35.56
2022020746,14,5,0,35.71
2022020849,28,10,0,35.71
2023020954,42,15,0,35.71
2023021195,14,5,0,35.71
2024020190,14,5,0,35.71
2024020402,42,15,0,35.71
2024020982,28,10,0,35.71
2023020461,64,23,0,35.94
2023020262,25,9,0,36.0
2024020123,50,18,0,36.0
2023020829,36,13,0,36.11
2023021099,36,13,0,36.11
2024020506,36,13,0,36.11
2023020666,47,17,0,36.17
2023020635,11,4,0,36.36
2024020733,44,16,0,36.36
2024020815,22,8,0,36.36
2024020883,22,8,0,36.36
2023020346,74,27,0,36.49
2023020888,52,19,0,36.54
2024020540,30,11,0,36.67
2023020661,19,7,0,36.84
2024020732,38,14,0,36.84
2022020858,73,27,0,36.99
2022021063,27,10,0,37.04
2024020829,51,19,0,37.25
2023020234,75,28,0,37.33
2024020170,83,31,0,37.35
2022020161,48,18,0,37.5
2022021214,24,9,0,37.5
2023020552,56,21,0,37.5
2023021159,40,15,0,37.5
2024020313,32,12,0,37.5
2024020474,48,18,0,37.5
2024020515,56,21,0,37.5
2024021072,24,9,0,37.5
2022021202,69,26,0,37.68
2024020071,69,26,0,37.68
2023020815,53,20,0,37.74
2022020979,45,17,0,37.78
2022021286,74,28,0,37.84
2023020484,29,11,0,37.93
2023020903,29,11,0,37.93
2023020809,21,8,0,38.1
2023020818,42,16,0,38.1
2023021253,21,8,0,38.1
2024020138,42,16,0,38.1
2024020946,63,24,0,38.1
2024020174,55,21,0,38.18
2023020244,81,31,0,38.27
2022020950,47,18,0,38.3
2024020887,47,18,0,38.3
2024021211,47,18,0,38.3
2022020033,26,10,0,38.46
2022020324,26,10,0,38.46
2024021228,57,22,0,38.6
2022020620,44,17,0,38.64
2022021208,44,17,0,38.64
2024020340,93,36,0,38.71
2022020423,49,19,0,38.78
2023020363,85,33,0,38.82
2022020670,36,14,0,38.89
2023020968,54,21,0,38.89
2022020160,41,16,0,39.02
2023021214,64,25,0,39.06
2022020700,46,18,0,39.13
2023021309,23,9,0,39.13
2024020642,23,9,0,39.13
2024021156,23,9,0,39.13
2023020122,51,20,0,39.22
2023020820,28,11,0,39.29
2023020114,71,28,0,39.44
2024020293,43,17,0,39.53
2024020485,43,17,0,39.53
2022020589,48,19,0,39.58
2023021186,48,19,0,39.58
2023020088,53,21,0,39.62
2022020812,68,27,0,39.71
2022020879,25,10,0,40.0
2022020958,35,14,0,40.0
2022021278,40,16,0,40.0
2024020820,10,4,0,40.0
2024021107,15,6,0,40.0
2022020154,67,27,0,40.3
2022020553,42,17,0,40.48
2022021015,42,17,0,40.48
2024020613,37,15,0,40.54
2023020049,54,22,0,40.74
2023020600,27,11,0,40.74
2023020870,27,11,0,40.74
2024020425,81,33,0,40.74
2022020051,49,20,0,40.82
2022021182,44,18,0,40.91
2023020132,88,36,0,40.91
2024020683,22,9,0,40.91
2023020932,51,21,0,41.18
2024020708,34,14,0,41.18
2023020193,29,12,0,41.38
2022020307,36,15,0,41.67
2023020050,36,15,0,41.67
2023020217,36,15,0,41.67
2024020445,36,15,0,41.67
2024020779,24,10,0,41.67
2024020709,45,19,0,42.22
2022020184,52,22,0,42.31
2024020355,33,14,0,42.42
2022020481,47,20,0,42.55
2023020459,42,18,0,42.86
2024020548,14,6,0,42.86
2024021110,65,28,0,43.08
2023020297,58,25,0,43.1
2022020723,44,19,0,43.18
2022020921,44,19,0,43.18
2023020601,30,13,0,43.33
2023021248,60,26,0,43.33
2023020979,53,23,0,43.4
2024020230,62,27,0,43.55
2023021003,32,14,0,43.75
2023020596,34,15,0,44.12
2023020985,34,15,0,44.12
2024020399,18,8,0,44.44
2024020747,18,8,0,44.44
2024020306,92,41,0,44.57
2024020920,47,21,0,44.68
2022020823,38,17,0,44.74
2023020778,29,13,0,44.83
2024020384,29,13,0,44.83
2023020495,20,9,0,45.0
2022020021,46,21,0,45.65
2023020309,35,16,0,45.71
2022020640,24,11,0,45.83
2024020739,24,11,0,45.83
2022021083,50,23,0,46.0
2023020426,65,30,0,46.15
2023020517,43,20,0,46.51
2022020396,30,14,0,46.67
2022021134,45,21,0,46.67
2024020617,17,8,0,47.06
2024020214,53,25,0,47.17
2023021017,59,28,0,47.46
2024020961,25,12,0,48.0
2023020095,31,15,0,48.39
2023020445,31,15,0,48.39
2024020077,35,17,0,48.57
2022020557,39,19,0,48.72
2022020367,47,23,0,48.94
2024020407,47,23,0,48.94
2022020283,16,8,0,50.0
2022020550,30,15,0,50.0
2023020591,14,7,0,50.0
2024020229,42,21,0,50.0
2024020426,28,14,0,50.0
2024020686,34,17,0,50.0
2024020696,22,11,0,50.0
2022020139,51,26,0,50.98
2023020524,45,23,0,51.11
2022021193,35,18,0,51.43
2024020911,49,26,0,53.06
2022020638,30,16,0,53.33
2022021064,30,16,0,53.33
2022020199,28,15,0,53.57
2023020489,26,14,0,53.85
2024020104,26,14,0,53.85
2023020646,24,13,0,54.17
2023020292,33,18,0,54.55
2024020420,40,22,0,55.0
2023020209,29,16,0,55.17
2022021091,34,19,0,55.88
2022020851,39,22,0,56.41
2023020725,21,12,0,57.14
2024020707,21,12,0,57.14
2023020766,31,18,0,58.06
2024020678,12,7,0,58.33
2023021146,40,24,0,60.0
2023020879,33,20,0,60.61
2022020193,13,8,0,61.54
2024020330,21,13,0,61.9
2023021008,8,5,0,62.5
2024021202,27,17,0,62.96
2023020337,7,5,0,71.43
2022020932,12,9,0,75.0
2023021088,21,16,0,76.19
2024021124,8,7,0,87.5
2024020478,22,20,0,90.91
